,date,sunrise_time_ct,sunset_time_ct
0,2014-01-01,07:29:42,17:32:30
1,2014-01-02,07:29:52,17:33:15
2,2014-01-03,07:30:01,17:34:01
3,2014-01-04,07:30:08,17:34:48
4,2014-01-05,07:30:13,17:35:36
5,2014-01-06,07:30:16,17:36:25
6,2014-01-07,07:30:18,17:37:15
7,2014-01-08,07:30:18,17:38:06
8,2014-01-09,07:30:16,17:38:57
9,2014-01-10,07:30:12,17:39:49
10,2014-01-11,07:30:06,17:40:41
11,2014-01-12,07:29:58,17:41:34
12,2014-01-13,07:29:49,17:42:28
13,2014-01-14,07:29:38,17:43:22
14,2014-01-15,07:29:25,17:44:17
15,2014-01-16,07:29:11,17:45:12
16,2014-01-17,07:28:54,17:46:07
17,2014-01-18,07:28:36,17:47:03
18,2014-01-19,07:28:16,17:47:59
19,2014-01-20,07:27:54,17:48:55
20,2014-01-21,07:27:31,17:49:52
21,2014-01-22,07:27:06,17:50:48
22,2014-01-23,07:26:39,17:51:45
23,2014-01-24,07:26:11,17:52:42
24,2014-01-25,07:25:40,17:53:39
25,2014-01-26,07:25:09,17:54:36
26,2014-01-27,07:24:35,17:55:33
27,2014-01-28,07:24:00,17:56:30
28,2014-01-29,07:23:24,17:57:27
29,2014-01-30,07:22:46,17:58:23
30,2014-01-31,07:22:06,17:59:20
31,2014-02-01,07:21:25,18:00:17
32,2014-02-02,07:20:42,18:01:13
33,2014-02-03,07:19:58,18:02:09
34,2014-02-04,07:19:13,18:03:05
35,2014-02-05,07:18:26,18:04:01
36,2014-02-06,07:17:38,18:04:56
37,2014-02-07,07:16:48,18:05:52
38,2014-02-08,07:15:57,18:06:47
39,2014-02-09,07:15:05,18:07:42
40,2014-02-10,07:14:12,18:08:36
41,2014-02-11,07:13:17,18:09:30
42,2014-02-12,07:12:21,18:10:24
43,2014-02-13,07:11:24,18:11:17
44,2014-02-14,07:10:26,18:12:11
45,2014-02-15,07:09:27,18:13:04
46,2014-02-16,07:08:27,18:13:56
47,2014-02-17,07:07:25,18:14:48
48,2014-02-18,07:06:23,18:15:40
49,2014-02-19,07:05:19,18:16:31
50,2014-02-20,07:04:15,18:17:22
51,2014-02-21,07:03:10,18:18:13
52,2014-02-22,07:02:04,18:19:03
53,2014-02-23,07:00:57,18:19:53
54,2014-02-24,06:59:49,18:20:43
55,2014-02-25,06:58:40,18:21:32
56,2014-02-26,06:57:31,18:22:21
57,2014-02-27,06:56:21,18:23:10
58,2014-02-28,06:55:10,18:23:58
59,2014-03-01,06:53:58,18:24:46
60,2014-03-02,06:52:46,18:25:34
61,2014-03-03,06:51:33,18:26:21
62,2014-03-04,06:50:20,18:27:08
63,2014-03-05,06:49:06,18:27:55
64,2014-03-06,06:47:51,18:28:41
65,2014-03-07,06:46:36,18:29:27
66,2014-03-08,06:45:21,18:30:13
67,2014-03-09,07:44:05,18:30:58
68,2014-03-10,07:42:48,19:31:44
69,2014-03-11,07:41:32,19:32:29
70,2014-03-12,07:40:14,19:33:13
71,2014-03-13,07:38:57,19:33:58
72,2014-03-14,07:37:39,19:34:42
73,2014-03-15,07:36:21,19:35:26
74,2014-03-16,07:35:03,19:36:10
75,2014-03-17,07:33:45,19:36:54
76,2014-03-18,07:32:26,19:37:38
77,2014-03-19,07:31:08,19:38:21
78,2014-03-20,07:29:49,19:39:04
79,2014-03-21,07:28:30,19:39:48
80,2014-03-22,07:27:11,19:40:31
81,2014-03-23,07:25:52,19:41:13
82,2014-03-24,07:24:33,19:41:56
83,2014-03-25,07:23:14,19:42:39
84,2014-03-26,07:21:55,19:43:22
85,2014-03-27,07:20:36,19:44:04
86,2014-03-28,07:19:17,19:44:47
87,2014-03-29,07:17:59,19:45:29
88,2014-03-30,07:16:40,19:46:12
89,2014-03-31,07:15:22,19:46:54
90,2014-04-01,07:14:04,19:47:37
91,2014-04-02,07:12:46,19:48:19
92,2014-04-03,07:11:29,19:49:01
93,2014-04-04,07:10:12,19:49:44
94,2014-04-05,07:08:55,19:50:26
95,2014-04-06,07:07:39,19:51:09
96,2014-04-07,07:06:23,19:51:51
97,2014-04-08,07:05:07,19:52:34
98,2014-04-09,07:03:52,19:53:17
99,2014-04-10,07:02:37,19:53:59
100,2014-04-11,07:01:23,19:54:42
101,2014-04-12,07:00:09,19:55:25
102,2014-04-13,06:58:56,19:56:08
103,2014-04-14,06:57:44,19:56:51
104,2014-04-15,06:56:32,19:57:34
105,2014-04-16,06:55:21,19:58:17
106,2014-04-17,06:54:10,19:59:00
107,2014-04-18,06:53:00,19:59:44
108,2014-04-19,06:51:51,20:00:27
109,2014-04-20,06:50:43,20:01:11
110,2014-04-21,06:49:35,20:01:54
111,2014-04-22,06:48:29,20:02:38
112,2014-04-23,06:47:23,20:03:22
113,2014-04-24,06:46:18,20:04:06
114,2014-04-25,06:45:14,20:04:49
115,2014-04-26,06:44:11,20:05:33
116,2014-04-27,06:43:08,20:06:17
117,2014-04-28,06:42:07,20:07:02
118,2014-04-29,06:41:07,20:07:46
119,2014-04-30,06:40:08,20:08:30
120,2014-05-01,06:39:09,20:09:14
121,2014-05-02,06:38:12,20:09:58
122,2014-05-03,06:37:16,20:10:42
123,2014-05-04,06:36:21,20:11:27
124,2014-05-05,06:35:28,20:12:11
125,2014-05-06,06:34:35,20:12:55
126,2014-05-07,06:33:44,20:13:39
127,2014-05-08,06:32:53,20:14:23
128,2014-05-09,06:32:05,20:15:07
129,2014-05-10,06:31:17,20:15:50
130,2014-05-11,06:30:31,20:16:34
131,2014-05-12,06:29:45,20:17:17
132,2014-05-13,06:29:02,20:18:01
133,2014-05-14,06:28:19,20:18:44
134,2014-05-15,06:27:38,20:19:26
135,2014-05-16,06:26:59,20:20:09
136,2014-05-17,06:26:20,20:20:51
137,2014-05-18,06:25:44,20:21:33
138,2014-05-19,06:25:08,20:22:15
139,2014-05-20,06:24:34,20:22:56
140,2014-05-21,06:24:02,20:23:37
141,2014-05-22,06:23:31,20:24:17
142,2014-05-23,06:23:01,20:24:57
143,2014-05-24,06:22:33,20:25:37
144,2014-05-25,06:22:07,20:26:16
145,2014-05-26,06:21:42,20:26:54
146,2014-05-27,06:21:18,20:27:32
147,2014-05-28,06:20:56,20:28:09
148,2014-05-29,06:20:36,20:28:46
149,2014-05-30,06:20:17,20:29:22
150,2014-05-31,06:19:59,20:29:57
151,2014-06-01,06:19:44,20:30:32
152,2014-06-02,06:19:29,20:31:05
153,2014-06-03,06:19:17,20:31:38
154,2014-06-04,06:19:05,20:32:10
155,2014-06-05,06:18:56,20:32:41
156,2014-06-06,06:18:48,20:33:11
157,2014-06-07,06:18:41,20:33:41
158,2014-06-08,06:18:36,20:34:09
159,2014-06-09,06:18:33,20:34:36
160,2014-06-10,06:18:31,20:35:02
161,2014-06-11,06:18:30,20:35:27
162,2014-06-12,06:18:31,20:35:51
163,2014-06-13,06:18:33,20:36:14
164,2014-06-14,06:18:37,20:36:36
165,2014-06-15,06:18:42,20:36:56
166,2014-06-16,06:18:49,20:37:15
167,2014-06-17,06:18:57,20:37:33
168,2014-06-18,06:19:07,20:37:50
169,2014-06-19,06:19:18,20:38:05
170,2014-06-20,06:19:30,20:38:19
171,2014-06-21,06:19:43,20:38:32
172,2014-06-22,06:19:58,20:38:43
173,2014-06-23,06:20:14,20:38:53
174,2014-06-24,06:20:31,20:39:01
175,2014-06-25,06:20:50,20:39:08
176,2014-06-26,06:21:09,20:39:14
177,2014-06-27,06:21:30,20:39:18
178,2014-06-28,06:21:52,20:39:20
179,2014-06-29,06:22:15,20:39:21
180,2014-06-30,06:22:39,20:39:20
181,2014-07-01,06:23:04,20:39:18
182,2014-07-02,06:23:30,20:39:15
183,2014-07-03,06:23:58,20:39:09
184,2014-07-04,06:24:25,20:39:03
185,2014-07-05,06:24:54,20:38:54
186,2014-07-06,06:25:24,20:38:44
187,2014-07-07,06:25:55,20:38:33
188,2014-07-08,06:26:26,20:38:20
189,2014-07-09,06:26:58,20:38:05
190,2014-07-10,06:27:31,20:37:49
191,2014-07-11,06:28:04,20:37:31
192,2014-07-12,06:28:39,20:37:11
193,2014-07-13,06:29:13,20:36:50
194,2014-07-14,06:29:49,20:36:28
195,2014-07-15,06:30:25,20:36:04
196,2014-07-16,06:31:01,20:35:38
197,2014-07-17,06:31:38,20:35:11
198,2014-07-18,06:32:16,20:34:42
199,2014-07-19,06:32:53,20:34:12
200,2014-07-20,06:33:32,20:33:40
201,2014-07-21,06:34:10,20:33:06
202,2014-07-22,06:34:49,20:32:32
203,2014-07-23,06:35:29,20:31:55
204,2014-07-24,06:36:08,20:31:17
205,2014-07-25,06:36:48,20:30:38
206,2014-07-26,06:37:28,20:29:58
207,2014-07-27,06:38:08,20:29:16
208,2014-07-28,06:38:49,20:28:32
209,2014-07-29,06:39:29,20:27:47
210,2014-07-30,06:40:10,20:27:01
211,2014-07-31,06:40:51,20:26:14
212,2014-08-01,06:41:32,20:25:25
213,2014-08-02,06:42:13,20:24:35
214,2014-08-03,06:42:54,20:23:44
215,2014-08-04,06:43:35,20:22:51
216,2014-08-05,06:44:16,20:21:57
217,2014-08-06,06:44:57,20:21:02
218,2014-08-07,06:45:38,20:20:06
219,2014-08-08,06:46:19,20:19:09
220,2014-08-09,06:47:00,20:18:10
221,2014-08-10,06:47:41,20:17:11
222,2014-08-11,06:48:22,20:16:10
223,2014-08-12,06:49:03,20:15:09
224,2014-08-13,06:49:44,20:14:06
225,2014-08-14,06:50:25,20:13:02
226,2014-08-15,06:51:05,20:11:58
227,2014-08-16,06:51:46,20:10:52
228,2014-08-17,06:52:26,20:09:45
229,2014-08-18,06:53:06,20:08:38
230,2014-08-19,06:53:47,20:07:30
231,2014-08-20,06:54:27,20:06:21
232,2014-08-21,06:55:06,20:05:11
233,2014-08-22,06:55:46,20:04:00
234,2014-08-23,06:56:26,20:02:49
235,2014-08-24,06:57:06,20:01:36
236,2014-08-25,06:57:45,20:00:24
237,2014-08-26,06:58:24,19:59:10
238,2014-08-27,06:59:04,19:57:56
239,2014-08-28,06:59:43,19:56:41
240,2014-08-29,07:00:22,19:55:26
241,2014-08-30,07:01:01,19:54:10
242,2014-08-31,07:01:39,19:52:53
243,2014-09-01,07:02:18,19:51:36
244,2014-09-02,07:02:57,19:50:19
245,2014-09-03,07:03:35,19:49:01
246,2014-09-04,07:04:14,19:47:42
247,2014-09-05,07:04:52,19:46:24
248,2014-09-06,07:05:31,19:45:04
249,2014-09-07,07:06:09,19:43:45
250,2014-09-08,07:06:47,19:42:25
251,2014-09-09,07:07:26,19:41:05
252,2014-09-10,07:08:04,19:39:45
253,2014-09-11,07:08:42,19:38:24
254,2014-09-12,07:09:21,19:37:03
255,2014-09-13,07:09:59,19:35:43
256,2014-09-14,07:10:37,19:34:21
257,2014-09-15,07:11:16,19:33:00
258,2014-09-16,07:11:54,19:31:39
259,2014-09-17,07:12:33,19:30:18
260,2014-09-18,07:13:11,19:28:56
261,2014-09-19,07:13:50,19:27:35
262,2014-09-20,07:14:29,19:26:13
263,2014-09-21,07:15:07,19:24:52
264,2014-09-22,07:15:46,19:23:31
265,2014-09-23,07:16:26,19:22:10
266,2014-09-24,07:17:05,19:20:49
267,2014-09-25,07:17:44,19:19:28
268,2014-09-26,07:18:24,19:18:07
269,2014-09-27,07:19:04,19:16:47
270,2014-09-28,07:19:44,19:15:27
271,2014-09-29,07:20:24,19:14:07
272,2014-09-30,07:21:05,19:12:47
273,2014-10-01,07:21:45,19:11:28
274,2014-10-02,07:22:26,19:10:09
275,2014-10-03,07:23:08,19:08:51
276,2014-10-04,07:23:49,19:07:32
277,2014-10-05,07:24:31,19:06:15
278,2014-10-06,07:25:13,19:04:58
279,2014-10-07,07:25:55,19:03:41
280,2014-10-08,07:26:38,19:02:25
281,2014-10-09,07:27:21,19:01:10
282,2014-10-10,07:28:04,18:59:55
283,2014-10-11,07:28:48,18:58:40
284,2014-10-12,07:29:32,18:57:27
285,2014-10-13,07:30:16,18:56:14
286,2014-10-14,07:31:01,18:55:02
287,2014-10-15,07:31:46,18:53:50
288,2014-10-16,07:32:32,18:52:40
289,2014-10-17,07:33:18,18:51:30
290,2014-10-18,07:34:04,18:50:21
291,2014-10-19,07:34:50,18:49:13
292,2014-10-20,07:35:37,18:48:05
293,2014-10-21,07:36:25,18:46:59
294,2014-10-22,07:37:12,18:45:54
295,2014-10-23,07:38:01,18:44:49
296,2014-10-24,07:38:49,18:43:46
297,2014-10-25,07:39:38,18:42:44
298,2014-10-26,07:40:27,18:41:43
299,2014-10-27,07:41:17,18:40:42
300,2014-10-28,07:42:07,18:39:44
301,2014-10-29,07:42:57,18:38:46
302,2014-10-30,07:43:48,18:37:49
303,2014-10-31,07:44:39,18:36:54
304,2014-11-01,07:45:31,18:36:00
305,2014-11-02,06:46:22,17:35:07
306,2014-11-03,06:47:14,17:34:16
307,2014-11-04,06:48:07,17:33:26
308,2014-11-05,06:48:59,17:32:37
309,2014-11-06,06:49:52,17:31:49
310,2014-11-07,06:50:45,17:31:04
311,2014-11-08,06:51:39,17:30:19
312,2014-11-09,06:52:32,17:29:36
313,2014-11-10,06:53:26,17:28:55
314,2014-11-11,06:54:20,17:28:15
315,2014-11-12,06:55:14,17:27:37
316,2014-11-13,06:56:08,17:27:00
317,2014-11-14,06:57:03,17:26:25
318,2014-11-15,06:57:57,17:25:51
319,2014-11-16,06:58:51,17:25:19
320,2014-11-17,06:59:46,17:24:49
321,2014-11-18,07:00:40,17:24:21
322,2014-11-19,07:01:34,17:23:54
323,2014-11-20,07:02:28,17:23:29
324,2014-11-21,07:03:22,17:23:05
325,2014-11-22,07:04:16,17:22:44
326,2014-11-23,07:05:10,17:22:24
327,2014-11-24,07:06:03,17:22:06
328,2014-11-25,07:06:56,17:21:50
329,2014-11-26,07:07:49,17:21:35
330,2014-11-27,07:08:41,17:21:23
331,2014-11-28,07:09:33,17:21:12
332,2014-11-29,07:10:25,17:21:03
333,2014-11-30,07:11:16,17:20:56
334,2014-12-01,07:12:06,17:20:51
335,2014-12-02,07:12:56,17:20:48
336,2014-12-03,07:13:45,17:20:46
337,2014-12-04,07:14:34,17:20:46
338,2014-12-05,07:15:22,17:20:49
339,2014-12-06,07:16:09,17:20:53
340,2014-12-07,07:16:55,17:20:58
341,2014-12-08,07:17:40,17:21:06
342,2014-12-09,07:18:25,17:21:15
343,2014-12-10,07:19:08,17:21:27
344,2014-12-11,07:19:50,17:21:40
345,2014-12-12,07:20:32,17:21:54
346,2014-12-13,07:21:12,17:22:11
347,2014-12-14,07:21:51,17:22:29
348,2014-12-15,07:22:29,17:22:49
349,2014-12-16,07:23:06,17:23:11
350,2014-12-17,07:23:42,17:23:34
351,2014-12-18,07:24:16,17:23:59
352,2014-12-19,07:24:49,17:24:25
353,2014-12-20,07:25:20,17:24:53
354,2014-12-21,07:25:50,17:25:23
355,2014-12-22,07:26:19,17:25:54
356,2014-12-23,07:26:46,17:26:26
357,2014-12-24,07:27:12,17:27:00
358,2014-12-25,07:27:36,17:27:36
359,2014-12-26,07:27:59,17:28:12
360,2014-12-27,07:28:19,17:28:50
361,2014-12-28,07:28:39,17:29:30
362,2014-12-29,07:28:56,17:30:10
363,2014-12-30,07:29:12,17:30:52
364,2014-12-31,07:29:27,17:31:35
365,2015-01-01,07:29:39,17:32:19
366,2015-01-02,07:29:50,17:33:04
367,2015-01-03,07:29:59,17:33:50
368,2015-01-04,07:30:06,17:34:37
369,2015-01-05,07:30:12,17:35:24
370,2015-01-06,07:30:16,17:36:13
371,2015-01-07,07:30:18,17:37:03
372,2015-01-08,07:30:18,17:37:53
373,2015-01-09,07:30:16,17:38:44
374,2015-01-10,07:30:13,17:39:36
375,2015-01-11,07:30:07,17:40:28
376,2015-01-12,07:30:00,17:41:21
377,2015-01-13,07:29:51,17:42:15
378,2015-01-14,07:29:41,17:43:09
379,2015-01-15,07:29:28,17:44:03
380,2015-01-16,07:29:14,17:44:58
381,2015-01-17,07:28:58,17:45:54
382,2015-01-18,07:28:40,17:46:49
383,2015-01-19,07:28:21,17:47:45
384,2015-01-20,07:28:00,17:48:41
385,2015-01-21,07:27:37,17:49:38
386,2015-01-22,07:27:12,17:50:34
387,2015-01-23,07:26:46,17:51:31
388,2015-01-24,07:26:17,17:52:28
389,2015-01-25,07:25:48,17:53:25
390,2015-01-26,07:25:16,17:54:22
391,2015-01-27,07:24:43,17:55:19
392,2015-01-28,07:24:09,17:56:16
393,2015-01-29,07:23:33,17:57:13
394,2015-01-30,07:22:55,17:58:09
395,2015-01-31,07:22:16,17:59:06
396,2015-02-01,07:21:35,18:00:03
397,2015-02-02,07:20:53,18:00:59
398,2015-02-03,07:20:09,18:01:55
399,2015-02-04,07:19:24,18:02:51
400,2015-02-05,07:18:37,18:03:47
401,2015-02-06,07:17:49,18:04:43
402,2015-02-07,07:17:00,18:05:38
403,2015-02-08,07:16:10,18:06:33
404,2015-02-09,07:15:18,18:07:28
405,2015-02-10,07:14:25,18:08:23
406,2015-02-11,07:13:30,18:09:17
407,2015-02-12,07:12:35,18:10:11
408,2015-02-13,07:11:38,18:11:04
409,2015-02-14,07:10:40,18:11:58
410,2015-02-15,07:09:41,18:12:51
411,2015-02-16,07:08:41,18:13:43
412,2015-02-17,07:07:40,18:14:35
413,2015-02-18,07:06:38,18:15:27
414,2015-02-19,07:05:35,18:16:19
415,2015-02-20,07:04:31,18:17:10
416,2015-02-21,07:03:26,18:18:01
417,2015-02-22,07:02:20,18:18:51
418,2015-02-23,07:01:13,18:19:41
419,2015-02-24,07:00:05,18:20:31
420,2015-02-25,06:58:57,18:21:20
421,2015-02-26,06:57:48,18:22:09
422,2015-02-27,06:56:38,18:22:58
423,2015-02-28,06:55:27,18:23:46
424,2015-03-01,06:54:15,18:24:34
425,2015-03-02,06:53:03,18:25:22
426,2015-03-03,06:51:51,18:26:09
427,2015-03-04,06:50:37,18:26:56
428,2015-03-05,06:49:24,18:27:43
429,2015-03-06,06:48:09,18:28:30
430,2015-03-07,06:46:54,18:29:16
431,2015-03-08,07:45:39,18:30:02
432,2015-03-09,07:44:23,19:30:47
433,2015-03-10,07:43:07,19:31:33
434,2015-03-11,07:41:50,19:32:18
435,2015-03-12,07:40:33,19:33:02
436,2015-03-13,07:39:16,19:33:47
437,2015-03-14,07:37:58,19:34:31
438,2015-03-15,07:36:40,19:35:16
439,2015-03-16,07:35:22,19:36:00
440,2015-03-17,07:34:04,19:36:43
441,2015-03-18,07:32:45,19:37:27
442,2015-03-19,07:31:27,19:38:11
443,2015-03-20,07:30:08,19:38:54
444,2015-03-21,07:28:49,19:39:37
445,2015-03-22,07:27:30,19:40:20
446,2015-03-23,07:26:11,19:41:03
447,2015-03-24,07:24:52,19:41:46
448,2015-03-25,07:23:33,19:42:29
449,2015-03-26,07:22:14,19:43:11
450,2015-03-27,07:20:55,19:43:54
451,2015-03-28,07:19:36,19:44:36
452,2015-03-29,07:18:18,19:45:19
453,2015-03-30,07:16:59,19:46:01
454,2015-03-31,07:15:41,19:46:44
455,2015-04-01,07:14:23,19:47:26
456,2015-04-02,07:13:05,19:48:09
457,2015-04-03,07:11:48,19:48:51
458,2015-04-04,07:10:30,19:49:34
459,2015-04-05,07:09:14,19:50:16
460,2015-04-06,07:07:57,19:50:59
461,2015-04-07,07:06:41,19:51:41
462,2015-04-08,07:05:25,19:52:24
463,2015-04-09,07:04:10,19:53:06
464,2015-04-10,07:02:55,19:53:49
465,2015-04-11,07:01:41,19:54:32
466,2015-04-12,07:00:27,19:55:15
467,2015-04-13,06:59:14,19:55:57
468,2015-04-14,06:58:01,19:56:40
469,2015-04-15,06:56:49,19:57:24
470,2015-04-16,06:55:38,19:58:07
471,2015-04-17,06:54:27,19:58:50
472,2015-04-18,06:53:17,19:59:33
473,2015-04-19,06:52:08,20:00:17
474,2015-04-20,06:51:00,20:01:00
475,2015-04-21,06:49:52,20:01:44
476,2015-04-22,06:48:45,20:02:27
477,2015-04-23,06:47:39,20:03:11
478,2015-04-24,06:46:34,20:03:55
479,2015-04-25,06:45:29,20:04:39
480,2015-04-26,06:44:26,20:05:23
481,2015-04-27,06:43:23,20:06:07
482,2015-04-28,06:42:22,20:06:51
483,2015-04-29,06:41:21,20:07:35
484,2015-04-30,06:40:22,20:08:19
485,2015-05-01,06:39:23,20:09:03
486,2015-05-02,06:38:26,20:09:48
487,2015-05-03,06:37:30,20:10:32
488,2015-05-04,06:36:35,20:11:16
489,2015-05-05,06:35:41,20:12:00
490,2015-05-06,06:34:48,20:12:44
491,2015-05-07,06:33:56,20:13:28
492,2015-05-08,06:33:06,20:14:12
493,2015-05-09,06:32:16,20:14:56
494,2015-05-10,06:31:28,20:15:40
495,2015-05-11,06:30:42,20:16:23
496,2015-05-12,06:29:56,20:17:07
497,2015-05-13,06:29:12,20:17:50
498,2015-05-14,06:28:30,20:18:33
499,2015-05-15,06:27:48,20:19:16
500,2015-05-16,06:27:08,20:19:59
501,2015-05-17,06:26:30,20:20:41
502,2015-05-18,06:25:53,20:21:23
503,2015-05-19,06:25:17,20:22:05
504,2015-05-20,06:24:42,20:22:46
505,2015-05-21,06:24:10,20:23:27
506,2015-05-22,06:23:38,20:24:08
507,2015-05-23,06:23:08,20:24:48
508,2015-05-24,06:22:40,20:25:27
509,2015-05-25,06:22:13,20:26:07
510,2015-05-26,06:21:48,20:26:45
511,2015-05-27,06:21:24,20:27:23
512,2015-05-28,06:21:01,20:28:01
513,2015-05-29,06:20:41,20:28:37
514,2015-05-30,06:20:21,20:29:13
515,2015-05-31,06:20:04,20:29:49
516,2015-06-01,06:19:47,20:30:23
517,2015-06-02,06:19:33,20:30:57
518,2015-06-03,06:19:20,20:31:30
519,2015-06-04,06:19:08,20:32:03
520,2015-06-05,06:18:58,20:32:34
521,2015-06-06,06:18:50,20:33:04
522,2015-06-07,06:18:43,20:33:34
523,2015-06-08,06:18:37,20:34:02
524,2015-06-09,06:18:33,20:34:30
525,2015-06-10,06:18:31,20:34:56
526,2015-06-11,06:18:30,20:35:22
527,2015-06-12,06:18:31,20:35:46
528,2015-06-13,06:18:33,20:36:09
529,2015-06-14,06:18:36,20:36:31
530,2015-06-15,06:18:41,20:36:52
531,2015-06-16,06:18:48,20:37:11
532,2015-06-17,06:18:55,20:37:29
533,2015-06-18,06:19:05,20:37:46
534,2015-06-19,06:19:15,20:38:02
535,2015-06-20,06:19:27,20:38:16
536,2015-06-21,06:19:40,20:38:29
537,2015-06-22,06:19:55,20:38:41
538,2015-06-23,06:20:10,20:38:51
539,2015-06-24,06:20:27,20:38:59
540,2015-06-25,06:20:45,20:39:07
541,2015-06-26,06:21:05,20:39:13
542,2015-06-27,06:21:25,20:39:17
543,2015-06-28,06:21:47,20:39:20
544,2015-06-29,06:22:10,20:39:21
545,2015-06-30,06:22:34,20:39:21
546,2015-07-01,06:22:58,20:39:19
547,2015-07-02,06:23:24,20:39:16
548,2015-07-03,06:23:51,20:39:11
549,2015-07-04,06:24:19,20:39:05
550,2015-07-05,06:24:47,20:38:57
551,2015-07-06,06:25:17,20:38:47
552,2015-07-07,06:25:47,20:38:36
553,2015-07-08,06:26:19,20:38:23
554,2015-07-09,06:26:50,20:38:09
555,2015-07-10,06:27:23,20:37:53
556,2015-07-11,06:27:56,20:37:35
557,2015-07-12,06:28:30,20:37:16
558,2015-07-13,06:29:05,20:36:56
559,2015-07-14,06:29:40,20:36:34
560,2015-07-15,06:30:16,20:36:10
561,2015-07-16,06:30:53,20:35:44
562,2015-07-17,06:31:29,20:35:18
563,2015-07-18,06:32:07,20:34:49
564,2015-07-19,06:32:44,20:34:19
565,2015-07-20,06:33:23,20:33:48
566,2015-07-21,06:34:01,20:33:15
567,2015-07-22,06:34:40,20:32:40
568,2015-07-23,06:35:19,20:32:04
569,2015-07-24,06:35:59,20:31:27
570,2015-07-25,06:36:38,20:30:48
571,2015-07-26,06:37:18,20:30:08
572,2015-07-27,06:37:59,20:29:26
573,2015-07-28,06:38:39,20:28:43
574,2015-07-29,06:39:20,20:27:58
575,2015-07-30,06:40:00,20:27:13
576,2015-07-31,06:40:41,20:26:25
577,2015-08-01,06:41:22,20:25:37
578,2015-08-02,06:42:03,20:24:47
579,2015-08-03,06:42:44,20:23:56
580,2015-08-04,06:43:25,20:23:04
581,2015-08-05,06:44:06,20:22:10
582,2015-08-06,06:44:47,20:21:16
583,2015-08-07,06:45:28,20:20:20
584,2015-08-08,06:46:09,20:19:23
585,2015-08-09,06:46:51,20:18:25
586,2015-08-10,06:47:32,20:17:25
587,2015-08-11,06:48:12,20:16:25
588,2015-08-12,06:48:53,20:15:24
589,2015-08-13,06:49:34,20:14:21
590,2015-08-14,06:50:15,20:13:18
591,2015-08-15,06:50:55,20:12:13
592,2015-08-16,06:51:36,20:11:08
593,2015-08-17,06:52:16,20:10:02
594,2015-08-18,06:52:57,20:08:54
595,2015-08-19,06:53:37,20:07:46
596,2015-08-20,06:54:17,20:06:38
597,2015-08-21,06:54:57,20:05:28
598,2015-08-22,06:55:37,20:04:17
599,2015-08-23,06:56:17,20:03:06
600,2015-08-24,06:56:56,20:01:54
601,2015-08-25,06:57:36,20:00:41
602,2015-08-26,06:58:15,19:59:28
603,2015-08-27,06:58:54,19:58:14
604,2015-08-28,06:59:33,19:56:59
605,2015-08-29,07:00:12,19:55:44
606,2015-08-30,07:00:51,19:54:28
607,2015-08-31,07:01:30,19:53:12
608,2015-09-01,07:02:09,19:51:55
609,2015-09-02,07:02:48,19:50:38
610,2015-09-03,07:03:26,19:49:20
611,2015-09-04,07:04:05,19:48:01
612,2015-09-05,07:04:43,19:46:43
613,2015-09-06,07:05:22,19:45:24
614,2015-09-07,07:06:00,19:44:04
615,2015-09-08,07:06:38,19:42:45
616,2015-09-09,07:07:17,19:41:25
617,2015-09-10,07:07:55,19:40:04
618,2015-09-11,07:08:33,19:38:44
619,2015-09-12,07:09:11,19:37:23
620,2015-09-13,07:09:50,19:36:02
621,2015-09-14,07:10:28,19:34:41
622,2015-09-15,07:11:06,19:33:20
623,2015-09-16,07:11:45,19:31:59
624,2015-09-17,07:12:23,19:30:37
625,2015-09-18,07:13:02,19:29:16
626,2015-09-19,07:13:40,19:27:55
627,2015-09-20,07:14:19,19:26:33
628,2015-09-21,07:14:58,19:25:12
629,2015-09-22,07:15:37,19:23:51
630,2015-09-23,07:16:16,19:22:29
631,2015-09-24,07:16:55,19:21:08
632,2015-09-25,07:17:35,19:19:47
633,2015-09-26,07:18:14,19:18:27
634,2015-09-27,07:18:54,19:17:06
635,2015-09-28,07:19:34,19:15:46
636,2015-09-29,07:20:14,19:14:26
637,2015-09-30,07:20:55,19:13:06
638,2015-10-01,07:21:35,19:11:47
639,2015-10-02,07:22:16,19:10:28
640,2015-10-03,07:22:58,19:09:10
641,2015-10-04,07:23:39,19:07:51
642,2015-10-05,07:24:21,19:06:34
643,2015-10-06,07:25:03,19:05:16
644,2015-10-07,07:25:45,19:04:00
645,2015-10-08,07:26:28,19:02:43
646,2015-10-09,07:27:11,19:01:28
647,2015-10-10,07:27:54,19:00:13
648,2015-10-11,07:28:37,18:58:58
649,2015-10-12,07:29:21,18:57:45
650,2015-10-13,07:30:06,18:56:31
651,2015-10-14,07:30:50,18:55:19
652,2015-10-15,07:31:35,18:54:07
653,2015-10-16,07:32:21,18:52:57
654,2015-10-17,07:33:06,18:51:47
655,2015-10-18,07:33:52,18:50:37
656,2015-10-19,07:34:39,18:49:29
657,2015-10-20,07:35:26,18:48:22
658,2015-10-21,07:36:13,18:47:15
659,2015-10-22,07:37:01,18:46:09
660,2015-10-23,07:37:49,18:45:05
661,2015-10-24,07:38:37,18:44:01
662,2015-10-25,07:39:26,18:42:59
663,2015-10-26,07:40:15,18:41:57
664,2015-10-27,07:41:05,18:40:57
665,2015-10-28,07:41:55,18:39:58
666,2015-10-29,07:42:45,18:39:00
667,2015-10-30,07:43:36,18:38:03
668,2015-10-31,07:44:27,18:37:07
669,2015-11-01,06:45:18,17:36:13
670,2015-11-02,06:46:10,17:35:20
671,2015-11-03,06:47:02,17:34:28
672,2015-11-04,06:47:54,17:33:38
673,2015-11-05,06:48:47,17:32:48
674,2015-11-06,06:49:39,17:32:01
675,2015-11-07,06:50:32,17:31:15
676,2015-11-08,06:51:26,17:30:30
677,2015-11-09,06:52:19,17:29:46
678,2015-11-10,06:53:13,17:29:05
679,2015-11-11,06:54:07,17:28:24
680,2015-11-12,06:55:01,17:27:46
681,2015-11-13,06:55:55,17:27:08
682,2015-11-14,06:56:49,17:26:33
683,2015-11-15,06:57:44,17:25:59
684,2015-11-16,06:58:38,17:25:27
685,2015-11-17,06:59:32,17:24:56
686,2015-11-18,07:00:27,17:24:27
687,2015-11-19,07:01:21,17:24:00
688,2015-11-20,07:02:15,17:23:35
689,2015-11-21,07:03:09,17:23:11
690,2015-11-22,07:04:03,17:22:49
691,2015-11-23,07:04:57,17:22:29
692,2015-11-24,07:05:50,17:22:10
693,2015-11-25,07:06:43,17:21:54
694,2015-11-26,07:07:36,17:21:39
695,2015-11-27,07:08:28,17:21:26
696,2015-11-28,07:09:20,17:21:15
697,2015-11-29,07:10:12,17:21:05
698,2015-11-30,07:11:03,17:20:58
699,2015-12-01,07:11:54,17:20:52
700,2015-12-02,07:12:44,17:20:48
701,2015-12-03,07:13:33,17:20:46
702,2015-12-04,07:14:22,17:20:46
703,2015-12-05,07:15:10,17:20:48
704,2015-12-06,07:15:57,17:20:51
705,2015-12-07,07:16:43,17:20:57
706,2015-12-08,07:17:29,17:21:04
707,2015-12-09,07:18:14,17:21:13
708,2015-12-10,07:18:57,17:21:24
709,2015-12-11,07:19:40,17:21:36
710,2015-12-12,07:20:22,17:21:50
711,2015-12-13,07:21:02,17:22:07
712,2015-12-14,07:21:42,17:22:24
713,2015-12-15,07:22:20,17:22:44
714,2015-12-16,07:22:57,17:23:05
715,2015-12-17,07:23:33,17:23:28
716,2015-12-18,07:24:08,17:23:52
717,2015-12-19,07:24:41,17:24:18
718,2015-12-20,07:25:13,17:24:46
719,2015-12-21,07:25:43,17:25:15
720,2015-12-22,07:26:12,17:25:46
721,2015-12-23,07:26:40,17:26:18
722,2015-12-24,07:27:06,17:26:52
723,2015-12-25,07:27:30,17:27:27
724,2015-12-26,07:27:53,17:28:03
725,2015-12-27,07:28:14,17:28:41
726,2015-12-28,07:28:34,17:29:20
727,2015-12-29,07:28:52,17:30:00
728,2015-12-30,07:29:08,17:30:41
729,2015-12-31,07:29:23,17:31:24
730,2016-01-01,07:29:36,17:32:08
731,2016-01-02,07:29:47,17:32:52
732,2016-01-03,07:29:57,17:33:38
733,2016-01-04,07:30:04,17:34:25
734,2016-01-05,07:30:10,17:35:13
735,2016-01-06,07:30:15,17:36:01
736,2016-01-07,07:30:17,17:36:50
737,2016-01-08,07:30:18,17:37:41
738,2016-01-09,07:30:16,17:38:32
739,2016-01-10,07:30:13,17:39:23
740,2016-01-11,07:30:09,17:40:15
741,2016-01-12,07:30:02,17:41:08
742,2016-01-13,07:29:54,17:42:02
743,2016-01-14,07:29:43,17:42:56
744,2016-01-15,07:29:31,17:43:50
745,2016-01-16,07:29:18,17:44:45
746,2016-01-17,07:29:02,17:45:40
747,2016-01-18,07:28:45,17:46:36
748,2016-01-19,07:28:26,17:47:32
749,2016-01-20,07:28:05,17:48:28
750,2016-01-21,07:27:42,17:49:24
751,2016-01-22,07:27:18,17:50:21
752,2016-01-23,07:26:52,17:51:17
753,2016-01-24,07:26:24,17:52:14
754,2016-01-25,07:25:55,17:53:11
755,2016-01-26,07:25:24,17:54:08
756,2016-01-27,07:24:51,17:55:05
757,2016-01-28,07:24:17,17:56:02
758,2016-01-29,07:23:41,17:56:59
759,2016-01-30,07:23:04,17:57:56
760,2016-01-31,07:22:25,17:58:52
761,2016-02-01,07:21:45,17:59:49
762,2016-02-02,07:21:03,18:00:45
763,2016-02-03,07:20:20,18:01:42
764,2016-02-04,07:19:35,18:02:38
765,2016-02-05,07:18:49,18:03:34
766,2016-02-06,07:18:01,18:04:29
767,2016-02-07,07:17:12,18:05:25
768,2016-02-08,07:16:22,18:06:20
769,2016-02-09,07:15:30,18:07:15
770,2016-02-10,07:14:38,18:08:09
771,2016-02-11,07:13:44,18:09:04
772,2016-02-12,07:12:48,18:09:58
773,2016-02-13,07:11:52,18:10:51
774,2016-02-14,07:10:54,18:11:45
775,2016-02-15,07:09:56,18:12:38
776,2016-02-16,07:08:56,18:13:30
777,2016-02-17,07:07:55,18:14:23
778,2016-02-18,07:06:53,18:15:15
779,2016-02-19,07:05:50,18:16:06
780,2016-02-20,07:04:46,18:16:57
781,2016-02-21,07:03:41,18:17:48
782,2016-02-22,07:02:36,18:18:39
783,2016-02-23,07:01:29,18:19:29
784,2016-02-24,07:00:22,18:20:19
785,2016-02-25,06:59:13,18:21:08
786,2016-02-26,06:58:04,18:21:57
787,2016-02-27,06:56:54,18:22:46
788,2016-02-28,06:55:44,18:23:35
789,2016-02-29,06:54:33,18:24:23
790,2016-03-01,06:53:21,18:25:10
791,2016-03-02,06:52:08,18:25:58
792,2016-03-03,06:50:55,18:26:45
793,2016-03-04,06:49:41,18:27:32
794,2016-03-05,06:48:27,18:28:18
795,2016-03-06,06:47:12,18:29:05
796,2016-03-07,06:45:57,18:29:50
797,2016-03-08,06:44:41,18:30:36
798,2016-03-09,06:43:25,18:31:22
799,2016-03-10,06:42:09,18:32:07
800,2016-03-11,06:40:52,18:32:52
801,2016-03-12,06:39:35,18:33:36
802,2016-03-13,07:38:17,18:34:21
803,2016-03-14,07:36:59,19:35:05
804,2016-03-15,07:35:41,19:35:49
805,2016-03-16,07:34:23,19:36:33
806,2016-03-17,07:33:04,19:37:16
807,2016-03-18,07:31:46,19:38:00
808,2016-03-19,07:30:27,19:38:43
809,2016-03-20,07:29:08,19:39:27
810,2016-03-21,07:27:49,19:40:10
811,2016-03-22,07:26:30,19:40:53
812,2016-03-23,07:25:11,19:41:35
813,2016-03-24,07:23:52,19:42:18
814,2016-03-25,07:22:33,19:43:01
815,2016-03-26,07:21:14,19:43:44
816,2016-03-27,07:19:55,19:44:26
817,2016-03-28,07:18:37,19:45:09
818,2016-03-29,07:17:18,19:45:51
819,2016-03-30,07:16:00,19:46:34
820,2016-03-31,07:14:42,19:47:16
821,2016-04-01,07:13:24,19:47:58
822,2016-04-02,07:12:06,19:48:41
823,2016-04-03,07:10:49,19:49:23
824,2016-04-04,07:09:32,19:50:06
825,2016-04-05,07:08:16,19:50:48
826,2016-04-06,07:06:59,19:51:31
827,2016-04-07,07:05:43,19:52:13
828,2016-04-08,07:04:28,19:52:56
829,2016-04-09,07:03:13,19:53:39
830,2016-04-10,07:01:59,19:54:21
831,2016-04-11,07:00:45,19:55:04
832,2016-04-12,06:59:32,19:55:47
833,2016-04-13,06:58:19,19:56:30
834,2016-04-14,06:57:07,19:57:13
835,2016-04-15,06:55:55,19:57:56
836,2016-04-16,06:54:44,19:58:39
837,2016-04-17,06:53:34,19:59:23
838,2016-04-18,06:52:25,20:00:06
839,2016-04-19,06:51:16,20:00:50
840,2016-04-20,06:50:08,20:01:33
841,2016-04-21,06:49:01,20:02:17
842,2016-04-22,06:47:55,20:03:01
843,2016-04-23,06:46:49,20:03:44
844,2016-04-24,06:45:45,20:04:28
845,2016-04-25,06:44:41,20:05:12
846,2016-04-26,06:43:38,20:05:56
847,2016-04-27,06:42:37,20:06:40
848,2016-04-28,06:41:36,20:07:24
849,2016-04-29,06:40:36,20:08:09
850,2016-04-30,06:39:37,20:08:53
851,2016-05-01,06:38:40,20:09:37
852,2016-05-02,06:37:43,20:10:21
853,2016-05-03,06:36:48,20:11:05
854,2016-05-04,06:35:54,20:11:49
855,2016-05-05,06:35:00,20:12:34
856,2016-05-06,06:34:08,20:13:18
857,2016-05-07,06:33:18,20:14:02
858,2016-05-08,06:32:28,20:14:46
859,2016-05-09,06:31:40,20:15:29
860,2016-05-10,06:30:53,20:16:13
861,2016-05-11,06:30:07,20:16:56
862,2016-05-12,06:29:23,20:17:40
863,2016-05-13,06:28:40,20:18:23
864,2016-05-14,06:27:58,20:19:06
865,2016-05-15,06:27:18,20:19:49
866,2016-05-16,06:26:39,20:20:31
867,2016-05-17,06:26:01,20:21:13
868,2016-05-18,06:25:25,20:21:55
869,2016-05-19,06:24:51,20:22:36
870,2016-05-20,06:24:18,20:23:17
871,2016-05-21,06:23:46,20:23:58
872,2016-05-22,06:23:16,20:24:38
873,2016-05-23,06:22:47,20:25:18
874,2016-05-24,06:22:20,20:25:57
875,2016-05-25,06:21:54,20:26:36
876,2016-05-26,06:21:30,20:27:14
877,2016-05-27,06:21:07,20:27:52
878,2016-05-28,06:20:46,20:28:29
879,2016-05-29,06:20:26,20:29:05
880,2016-05-30,06:20:08,20:29:40
881,2016-05-31,06:19:51,20:30:15
882,2016-06-01,06:19:36,20:30:49
883,2016-06-02,06:19:23,20:31:23
884,2016-06-03,06:19:11,20:31:55
885,2016-06-04,06:19:01,20:32:26
886,2016-06-05,06:18:52,20:32:57
887,2016-06-06,06:18:44,20:33:27
888,2016-06-07,06:18:39,20:33:56
889,2016-06-08,06:18:34,20:34:23
890,2016-06-09,06:18:32,20:34:50
891,2016-06-10,06:18:30,20:35:16
892,2016-06-11,06:18:31,20:35:40
893,2016-06-12,06:18:32,20:36:03
894,2016-06-13,06:18:35,20:36:26
895,2016-06-14,06:18:40,20:36:47
896,2016-06-15,06:18:46,20:37:07
897,2016-06-16,06:18:54,20:37:25
898,2016-06-17,06:19:02,20:37:42
899,2016-06-18,06:19:13,20:37:58
900,2016-06-19,06:19:24,20:38:13
901,2016-06-20,06:19:37,20:38:26
902,2016-06-21,06:19:51,20:38:38
903,2016-06-22,06:20:07,20:38:49
904,2016-06-23,06:20:23,20:38:58
905,2016-06-24,06:20:41,20:39:05
906,2016-06-25,06:21:00,20:39:11
907,2016-06-26,06:21:20,20:39:16
908,2016-06-27,06:21:42,20:39:19
909,2016-06-28,06:22:04,20:39:21
910,2016-06-29,06:22:28,20:39:21
911,2016-06-30,06:22:52,20:39:20
912,2016-07-01,06:23:18,20:39:17
913,2016-07-02,06:23:45,20:39:12
914,2016-07-03,06:24:12,20:39:06
915,2016-07-04,06:24:41,20:38:59
916,2016-07-05,06:25:10,20:38:50
917,2016-07-06,06:25:40,20:38:39
918,2016-07-07,06:26:11,20:38:26
919,2016-07-08,06:26:43,20:38:13
920,2016-07-09,06:27:15,20:37:57
921,2016-07-10,06:27:48,20:37:40
922,2016-07-11,06:28:22,20:37:21
923,2016-07-12,06:28:57,20:37:01
924,2016-07-13,06:29:32,20:36:39
925,2016-07-14,06:30:08,20:36:16
926,2016-07-15,06:30:44,20:35:51
927,2016-07-16,06:31:21,20:35:24
928,2016-07-17,06:31:58,20:34:56
929,2016-07-18,06:32:35,20:34:27
930,2016-07-19,06:33:13,20:33:56
931,2016-07-20,06:33:52,20:33:23
932,2016-07-21,06:34:31,20:32:49
933,2016-07-22,06:35:10,20:32:13
934,2016-07-23,06:35:49,20:31:36
935,2016-07-24,06:36:29,20:30:58
936,2016-07-25,06:37:09,20:30:18
937,2016-07-26,06:37:49,20:29:36
938,2016-07-27,06:38:29,20:28:54
939,2016-07-28,06:39:10,20:28:09
940,2016-07-29,06:39:51,20:27:24
941,2016-07-30,06:40:31,20:26:37
942,2016-07-31,06:41:12,20:25:49
943,2016-08-01,06:41:53,20:24:59
944,2016-08-02,06:42:34,20:24:09
945,2016-08-03,06:43:15,20:23:17
946,2016-08-04,06:43:56,20:22:24
947,2016-08-05,06:44:37,20:21:29
948,2016-08-06,06:45:19,20:20:34
949,2016-08-07,06:46:00,20:19:37
950,2016-08-08,06:46:41,20:18:39
951,2016-08-09,06:47:22,20:17:40
952,2016-08-10,06:48:03,20:16:40
953,2016-08-11,06:48:44,20:15:39
954,2016-08-12,06:49:24,20:14:36
955,2016-08-13,06:50:05,20:13:33
956,2016-08-14,06:50:46,20:12:29
957,2016-08-15,06:51:26,20:11:24
958,2016-08-16,06:52:07,20:10:18
959,2016-08-17,06:52:47,20:09:11
960,2016-08-18,06:53:27,20:08:03
961,2016-08-19,06:54:07,20:06:54
962,2016-08-20,06:54:47,20:05:45
963,2016-08-21,06:55:27,20:04:35
964,2016-08-22,06:56:07,20:03:23
965,2016-08-23,06:56:47,20:02:12
966,2016-08-24,06:57:26,20:00:59
967,2016-08-25,06:58:06,19:59:46
968,2016-08-26,06:58:45,19:58:32
969,2016-08-27,06:59:24,19:57:17
970,2016-08-28,07:00:03,19:56:02
971,2016-08-29,07:00:42,19:54:47
972,2016-08-30,07:01:21,19:53:30
973,2016-08-31,07:02:00,19:52:14
974,2016-09-01,07:02:38,19:50:56
975,2016-09-02,07:03:17,19:49:39
976,2016-09-03,07:03:56,19:48:20
977,2016-09-04,07:04:34,19:47:02
978,2016-09-05,07:05:12,19:45:43
979,2016-09-06,07:05:51,19:44:24
980,2016-09-07,07:06:29,19:43:04
981,2016-09-08,07:07:07,19:41:44
982,2016-09-09,07:07:46,19:40:24
983,2016-09-10,07:08:24,19:39:03
984,2016-09-11,07:09:02,19:37:43
985,2016-09-12,07:09:41,19:36:22
986,2016-09-13,07:10:19,19:35:01
987,2016-09-14,07:10:57,19:33:40
988,2016-09-15,07:11:36,19:32:18
989,2016-09-16,07:12:14,19:30:57
990,2016-09-17,07:12:53,19:29:36
991,2016-09-18,07:13:31,19:28:14
992,2016-09-19,07:14:10,19:26:53
993,2016-09-20,07:14:49,19:25:32
994,2016-09-21,07:15:28,19:24:10
995,2016-09-22,07:16:07,19:22:49
996,2016-09-23,07:16:46,19:21:28
997,2016-09-24,07:17:25,19:20:07
998,2016-09-25,07:18:05,19:18:46
999,2016-09-26,07:18:45,19:17:26
1000,2016-09-27,07:19:25,19:16:05
1001,2016-09-28,07:20:05,19:14:45
1002,2016-09-29,07:20:45,19:13:26
1003,2016-09-30,07:21:26,19:12:06
1004,2016-10-01,07:22:06,19:10:47
1005,2016-10-02,07:22:48,19:09:29
1006,2016-10-03,07:23:29,19:08:10
1007,2016-10-04,07:24:11,19:06:52
1008,2016-10-05,07:24:52,19:05:35
1009,2016-10-06,07:25:35,19:04:18
1010,2016-10-07,07:26:17,19:03:02
1011,2016-10-08,07:27:00,19:01:46
1012,2016-10-09,07:27:43,19:00:31
1013,2016-10-10,07:28:27,18:59:16
1014,2016-10-11,07:29:11,18:58:02
1015,2016-10-12,07:29:55,18:56:49
1016,2016-10-13,07:30:39,18:55:37
1017,2016-10-14,07:31:24,18:54:25
1018,2016-10-15,07:32:10,18:53:14
1019,2016-10-16,07:32:55,18:52:03
1020,2016-10-17,07:33:41,18:50:54
1021,2016-10-18,07:34:28,18:49:45
1022,2016-10-19,07:35:14,18:48:38
1023,2016-10-20,07:36:02,18:47:31
1024,2016-10-21,07:36:49,18:46:25
1025,2016-10-22,07:37:37,18:45:20
1026,2016-10-23,07:38:26,18:44:17
1027,2016-10-24,07:39:14,18:43:14
1028,2016-10-25,07:40:03,18:42:12
1029,2016-10-26,07:40:53,18:41:11
1030,2016-10-27,07:41:43,18:40:12
1031,2016-10-28,07:42:33,18:39:14
1032,2016-10-29,07:43:23,18:38:16
1033,2016-10-30,07:44:14,18:37:21
1034,2016-10-31,07:45:06,18:36:26
1035,2016-11-01,07:45:57,18:35:32
1036,2016-11-02,07:46:49,18:34:40
1037,2016-11-03,07:47:41,18:33:50
1038,2016-11-04,07:48:34,18:33:00
1039,2016-11-05,07:49:26,18:32:12
1040,2016-11-06,06:50:19,17:31:26
1041,2016-11-07,06:51:13,17:30:40
1042,2016-11-08,06:52:06,17:29:57
1043,2016-11-09,06:53:00,17:29:15
1044,2016-11-10,06:53:54,17:28:34
1045,2016-11-11,06:54:48,17:27:55
1046,2016-11-12,06:55:42,17:27:17
1047,2016-11-13,06:56:36,17:26:41
1048,2016-11-14,06:57:30,17:26:07
1049,2016-11-15,06:58:25,17:25:34
1050,2016-11-16,06:59:19,17:25:03
1051,2016-11-17,07:00:13,17:24:34
1052,2016-11-18,07:01:08,17:24:06
1053,2016-11-19,07:02:02,17:23:40
1054,2016-11-20,07:02:56,17:23:16
1055,2016-11-21,07:03:50,17:22:54
1056,2016-11-22,07:04:43,17:22:33
1057,2016-11-23,07:05:37,17:22:14
1058,2016-11-24,07:06:30,17:21:57
1059,2016-11-25,07:07:23,17:21:42
1060,2016-11-26,07:08:16,17:21:29
1061,2016-11-27,07:09:08,17:21:17
1062,2016-11-28,07:10:00,17:21:07
1063,2016-11-29,07:10:51,17:20:59
1064,2016-11-30,07:11:41,17:20:53
1065,2016-12-01,07:12:32,17:20:49
1066,2016-12-02,07:13:21,17:20:46
1067,2016-12-03,07:14:10,17:20:46
1068,2016-12-04,07:14:58,17:20:47
1069,2016-12-05,07:15:46,17:20:50
1070,2016-12-06,07:16:32,17:20:55
1071,2016-12-07,07:17:18,17:21:02
1072,2016-12-08,07:18:03,17:21:10
1073,2016-12-09,07:18:47,17:21:21
1074,2016-12-10,07:19:30,17:21:33
1075,2016-12-11,07:20:12,17:21:47
1076,2016-12-12,07:20:52,17:22:02
1077,2016-12-13,07:21:32,17:22:20
1078,2016-12-14,07:22:11,17:22:39
1079,2016-12-15,07:22:48,17:23:00
1080,2016-12-16,07:23:24,17:23:22
1081,2016-12-17,07:23:59,17:23:46
1082,2016-12-18,07:24:33,17:24:12
1083,2016-12-19,07:25:05,17:24:39
1084,2016-12-20,07:25:36,17:25:08
1085,2016-12-21,07:26:05,17:25:38
1086,2016-12-22,07:26:33,17:26:10
1087,2016-12-23,07:26:59,17:26:43
1088,2016-12-24,07:27:24,17:27:18
1089,2016-12-25,07:27:47,17:27:54
1090,2016-12-26,07:28:09,17:28:31
1091,2016-12-27,07:28:29,17:29:10
1092,2016-12-28,07:28:48,17:29:50
1093,2016-12-29,07:29:04,17:30:31
1094,2016-12-30,07:29:20,17:31:13
1095,2016-12-31,07:29:33,17:31:57
1096,2017-01-01,07:29:45,17:32:41
1097,2017-01-02,07:29:54,17:33:27
1098,2017-01-03,07:30:03,17:34:13
1099,2017-01-04,07:30:09,17:35:01
1100,2017-01-05,07:30:14,17:35:49
1101,2017-01-06,07:30:16,17:36:38
1102,2017-01-07,07:30:17,17:37:28
1103,2017-01-08,07:30:17,17:38:19
1104,2017-01-09,07:30:14,17:39:10
1105,2017-01-10,07:30:10,17:40:03
1106,2017-01-11,07:30:04,17:40:55
1107,2017-01-12,07:29:56,17:41:49
1108,2017-01-13,07:29:46,17:42:42
1109,2017-01-14,07:29:34,17:43:37
1110,2017-01-15,07:29:21,17:44:31
1111,2017-01-16,07:29:06,17:45:27
1112,2017-01-17,07:28:49,17:46:22
1113,2017-01-18,07:28:30,17:47:18
1114,2017-01-19,07:28:10,17:48:14
1115,2017-01-20,07:27:48,17:49:10
1116,2017-01-21,07:27:24,17:50:07
1117,2017-01-22,07:26:58,17:51:03
1118,2017-01-23,07:26:31,17:52:00
1119,2017-01-24,07:26:02,17:52:57
1120,2017-01-25,07:25:32,17:53:54
1121,2017-01-26,07:24:59,17:54:51
1122,2017-01-27,07:24:25,17:55:48
1123,2017-01-28,07:23:50,17:56:45
1124,2017-01-29,07:23:13,17:57:42
1125,2017-01-30,07:22:35,17:58:38
1126,2017-01-31,07:21:55,17:59:35
1127,2017-02-01,07:21:13,18:00:32
1128,2017-02-02,07:20:30,18:01:28
1129,2017-02-03,07:19:46,18:02:24
1130,2017-02-04,07:19:00,18:03:20
1131,2017-02-05,07:18:13,18:04:16
1132,2017-02-06,07:17:24,18:05:11
1133,2017-02-07,07:16:34,18:06:06
1134,2017-02-08,07:15:43,18:07:01
1135,2017-02-09,07:14:50,18:07:56
1136,2017-02-10,07:13:57,18:08:50
1137,2017-02-11,07:13:02,18:09:45
1138,2017-02-12,07:12:05,18:10:38
1139,2017-02-13,07:11:08,18:11:32
1140,2017-02-14,07:10:10,18:12:25
1141,2017-02-15,07:09:10,18:13:18
1142,2017-02-16,07:08:10,18:14:10
1143,2017-02-17,07:07:08,18:15:02
1144,2017-02-18,07:06:05,18:15:54
1145,2017-02-19,07:05:02,18:16:45
1146,2017-02-20,07:03:57,18:17:36
1147,2017-02-21,07:02:52,18:18:27
1148,2017-02-22,07:01:45,18:19:17
1149,2017-02-23,07:00:38,18:20:07
1150,2017-02-24,06:59:30,18:20:56
1151,2017-02-25,06:58:21,18:21:45
1152,2017-02-26,06:57:11,18:22:34
1153,2017-02-27,06:56:01,18:23:23
1154,2017-02-28,06:54:50,18:24:11
1155,2017-03-01,06:53:38,18:24:59
1156,2017-03-02,06:52:26,18:25:46
1157,2017-03-03,06:51:13,18:26:34
1158,2017-03-04,06:49:59,18:27:20
1159,2017-03-05,06:48:45,18:28:07
1160,2017-03-06,06:47:30,18:28:53
1161,2017-03-07,06:46:15,18:29:39
1162,2017-03-08,06:45:00,18:30:25
1163,2017-03-09,06:43:44,18:31:10
1164,2017-03-10,06:42:27,18:31:56
1165,2017-03-11,06:41:10,18:32:41
1166,2017-03-12,07:39:53,18:33:25
1167,2017-03-13,07:38:36,19:34:10
1168,2017-03-14,07:37:18,19:34:54
1169,2017-03-15,07:36:00,19:35:38
1170,2017-03-16,07:34:42,19:36:22
1171,2017-03-17,07:33:23,19:37:06
1172,2017-03-18,07:32:05,19:37:49
1173,2017-03-19,07:30:46,19:38:33
1174,2017-03-20,07:29:27,19:39:16
1175,2017-03-21,07:28:08,19:39:59
1176,2017-03-22,07:26:49,19:40:42
1177,2017-03-23,07:25:30,19:41:25
1178,2017-03-24,07:24:11,19:42:08
1179,2017-03-25,07:22:52,19:42:51
1180,2017-03-26,07:21:33,19:43:33
1181,2017-03-27,07:20:14,19:44:16
1182,2017-03-28,07:18:56,19:44:58
1183,2017-03-29,07:17:37,19:45:41
1184,2017-03-30,07:16:19,19:46:23
1185,2017-03-31,07:15:01,19:47:06
1186,2017-04-01,07:13:43,19:47:48
1187,2017-04-02,07:12:25,19:48:31
1188,2017-04-03,07:11:08,19:49:13
1189,2017-04-04,07:09:51,19:49:55
1190,2017-04-05,07:08:34,19:50:38
1191,2017-04-06,07:07:18,19:51:20
1192,2017-04-07,07:06:02,19:52:03
1193,2017-04-08,07:04:46,19:52:46
1194,2017-04-09,07:03:31,19:53:28
1195,2017-04-10,07:02:17,19:54:11
1196,2017-04-11,07:01:03,19:54:54
1197,2017-04-12,06:59:49,19:55:37
1198,2017-04-13,06:58:36,19:56:20
1199,2017-04-14,06:57:24,19:57:03
1200,2017-04-15,06:56:12,19:57:46
1201,2017-04-16,06:55:01,19:58:29
1202,2017-04-17,06:53:51,19:59:12
1203,2017-04-18,06:52:42,19:59:56
1204,2017-04-19,06:51:33,20:00:39
1205,2017-04-20,06:50:25,20:01:23
1206,2017-04-21,06:49:17,20:02:06
1207,2017-04-22,06:48:11,20:02:50
1208,2017-04-23,06:47:05,20:03:34
1209,2017-04-24,06:46:00,20:04:18
1210,2017-04-25,06:44:57,20:05:02
1211,2017-04-26,06:43:54,20:05:46
1212,2017-04-27,06:42:52,20:06:30
1213,2017-04-28,06:41:51,20:07:14
1214,2017-04-29,06:40:51,20:07:58
1215,2017-04-30,06:39:52,20:08:42
1216,2017-05-01,06:38:54,20:09:26
1217,2017-05-02,06:37:57,20:10:10
1218,2017-05-03,06:37:01,20:10:55
1219,2017-05-04,06:36:07,20:11:39
1220,2017-05-05,06:35:13,20:12:23
1221,2017-05-06,06:34:21,20:13:07
1222,2017-05-07,06:33:30,20:13:51
1223,2017-05-08,06:32:40,20:14:35
1224,2017-05-09,06:31:52,20:15:19
1225,2017-05-10,06:31:04,20:16:02
1226,2017-05-11,06:30:18,20:16:46
1227,2017-05-12,06:29:34,20:17:29
1228,2017-05-13,06:28:50,20:18:13
1229,2017-05-14,06:28:08,20:18:56
1230,2017-05-15,06:27:28,20:19:38
1231,2017-05-16,06:26:48,20:20:21
1232,2017-05-17,06:26:11,20:21:03
1233,2017-05-18,06:25:34,20:21:45
1234,2017-05-19,06:24:59,20:22:26
1235,2017-05-20,06:24:26,20:23:08
1236,2017-05-21,06:23:53,20:23:48
1237,2017-05-22,06:23:23,20:24:29
1238,2017-05-23,06:22:54,20:25:09
1239,2017-05-24,06:22:26,20:25:48
1240,2017-05-25,06:22:00,20:26:27
1241,2017-05-26,06:21:35,20:27:05
1242,2017-05-27,06:21:12,20:27:43
1243,2017-05-28,06:20:51,20:28:20
1244,2017-05-29,06:20:31,20:28:56
1245,2017-05-30,06:20:12,20:29:32
1246,2017-05-31,06:19:55,20:30:07
1247,2017-06-01,06:19:40,20:30:41
1248,2017-06-02,06:19:26,20:31:15
1249,2017-06-03,06:19:14,20:31:47
1250,2017-06-04,06:19:03,20:32:19
1251,2017-06-05,06:18:54,20:32:50
1252,2017-06-06,06:18:46,20:33:20
1253,2017-06-07,06:18:40,20:33:49
1254,2017-06-08,06:18:35,20:34:17
1255,2017-06-09,06:18:32,20:34:44
1256,2017-06-10,06:18:31,20:35:10
1257,2017-06-11,06:18:31,20:35:34
1258,2017-06-12,06:18:32,20:35:58
1259,2017-06-13,06:18:35,20:36:21
1260,2017-06-14,06:18:39,20:36:42
1261,2017-06-15,06:18:45,20:37:02
1262,2017-06-16,06:18:52,20:37:21
1263,2017-06-17,06:19:00,20:37:38
1264,2017-06-18,06:19:10,20:37:55
1265,2017-06-19,06:19:21,20:38:10
1266,2017-06-20,06:19:34,20:38:23
1267,2017-06-21,06:19:48,20:38:35
1268,2017-06-22,06:20:03,20:38:46
1269,2017-06-23,06:20:19,20:38:56
1270,2017-06-24,06:20:37,20:39:04
1271,2017-06-25,06:20:56,20:39:10
1272,2017-06-26,06:21:16,20:39:15
1273,2017-06-27,06:21:37,20:39:19
1274,2017-06-28,06:21:59,20:39:21
1275,2017-06-29,06:22:22,20:39:21
1276,2017-06-30,06:22:47,20:39:20
1277,2017-07-01,06:23:12,20:39:18
1278,2017-07-02,06:23:38,20:39:14
1279,2017-07-03,06:24:06,20:39:08
1280,2017-07-04,06:24:34,20:39:01
1281,2017-07-05,06:25:03,20:38:52
1282,2017-07-06,06:25:33,20:38:42
1283,2017-07-07,06:26:04,20:38:30
1284,2017-07-08,06:26:35,20:38:16
1285,2017-07-09,06:27:08,20:38:01
1286,2017-07-10,06:27:41,20:37:44
1287,2017-07-11,06:28:14,20:37:26
1288,2017-07-12,06:28:49,20:37:06
1289,2017-07-13,06:29:24,20:36:45
1290,2017-07-14,06:29:59,20:36:22
1291,2017-07-15,06:30:35,20:35:57
1292,2017-07-16,06:31:12,20:35:31
1293,2017-07-17,06:31:49,20:35:03
1294,2017-07-18,06:32:26,20:34:34
1295,2017-07-19,06:33:04,20:34:03
1296,2017-07-20,06:33:43,20:33:31
1297,2017-07-21,06:34:21,20:32:57
1298,2017-07-22,06:35:01,20:32:22
1299,2017-07-23,06:35:40,20:31:45
1300,2017-07-24,06:36:19,20:31:07
1301,2017-07-25,06:36:59,20:30:28
1302,2017-07-26,06:37:39,20:29:47
1303,2017-07-27,06:38:20,20:29:04
1304,2017-07-28,06:39:00,20:28:20
1305,2017-07-29,06:39:41,20:27:35
1306,2017-07-30,06:40:22,20:26:49
1307,2017-07-31,06:41:02,20:26:01
1308,2017-08-01,06:41:43,20:25:12
1309,2017-08-02,06:42:24,20:24:21
1310,2017-08-03,06:43:05,20:23:30
1311,2017-08-04,06:43:47,20:22:37
1312,2017-08-05,06:44:28,20:21:43
1313,2017-08-06,06:45:09,20:20:47
1314,2017-08-07,06:45:50,20:19:51
1315,2017-08-08,06:46:31,20:18:53
1316,2017-08-09,06:47:12,20:17:54
1317,2017-08-10,06:47:53,20:16:55
1318,2017-08-11,06:48:34,20:15:54
1319,2017-08-12,06:49:15,20:14:52
1320,2017-08-13,06:49:55,20:13:49
1321,2017-08-14,06:50:36,20:12:45
1322,2017-08-15,06:51:17,20:11:40
1323,2017-08-16,06:51:57,20:10:34
1324,2017-08-17,06:52:37,20:09:27
1325,2017-08-18,06:53:18,20:08:20
1326,2017-08-19,06:53:58,20:07:11
1327,2017-08-20,06:54:38,20:06:02
1328,2017-08-21,06:55:18,20:04:52
1329,2017-08-22,06:55:58,20:03:41
1330,2017-08-23,06:56:37,20:02:29
1331,2017-08-24,06:57:17,20:01:17
1332,2017-08-25,06:57:56,20:00:04
1333,2017-08-26,06:58:35,19:58:50
1334,2017-08-27,06:59:15,19:57:36
1335,2017-08-28,06:59:54,19:56:21
1336,2017-08-29,07:00:33,19:55:05
1337,2017-08-30,07:01:12,19:53:49
1338,2017-08-31,07:01:50,19:52:32
1339,2017-09-01,07:02:29,19:51:15
1340,2017-09-02,07:03:08,19:49:58
1341,2017-09-03,07:03:46,19:48:39
1342,2017-09-04,07:04:25,19:47:21
1343,2017-09-05,07:05:03,19:46:02
1344,2017-09-06,07:05:42,19:44:43
1345,2017-09-07,07:06:20,19:43:23
1346,2017-09-08,07:06:58,19:42:03
1347,2017-09-09,07:07:36,19:40:43
1348,2017-09-10,07:08:15,19:39:23
1349,2017-09-11,07:08:53,19:38:02
1350,2017-09-12,07:09:31,19:36:41
1351,2017-09-13,07:10:10,19:35:20
1352,2017-09-14,07:10:48,19:33:59
1353,2017-09-15,07:11:26,19:32:38
1354,2017-09-16,07:12:05,19:31:17
1355,2017-09-17,07:12:43,19:29:55
1356,2017-09-18,07:13:22,19:28:34
1357,2017-09-19,07:14:01,19:27:13
1358,2017-09-20,07:14:39,19:25:51
1359,2017-09-21,07:15:18,19:24:30
1360,2017-09-22,07:15:57,19:23:09
1361,2017-09-23,07:16:36,19:21:48
1362,2017-09-24,07:17:16,19:20:27
1363,2017-09-25,07:17:55,19:19:06
1364,2017-09-26,07:18:35,19:17:45
1365,2017-09-27,07:19:15,19:16:25
1366,2017-09-28,07:19:55,19:15:05
1367,2017-09-29,07:20:35,19:13:45
1368,2017-09-30,07:21:16,19:12:26
1369,2017-10-01,07:21:57,19:11:06
1370,2017-10-02,07:22:38,19:09:48
1371,2017-10-03,07:23:19,19:08:29
1372,2017-10-04,07:24:00,19:07:11
1373,2017-10-05,07:24:42,19:05:54
1374,2017-10-06,07:25:24,19:04:37
1375,2017-10-07,07:26:07,19:03:20
1376,2017-10-08,07:26:50,19:02:04
1377,2017-10-09,07:27:33,19:00:49
1378,2017-10-10,07:28:16,18:59:34
1379,2017-10-11,07:29:00,18:58:20
1380,2017-10-12,07:29:44,18:57:07
1381,2017-10-13,07:30:29,18:55:54
1382,2017-10-14,07:31:13,18:54:42
1383,2017-10-15,07:31:59,18:53:31
1384,2017-10-16,07:32:44,18:52:20
1385,2017-10-17,07:33:30,18:51:11
1386,2017-10-18,07:34:16,18:50:02
1387,2017-10-19,07:35:03,18:48:54
1388,2017-10-20,07:35:50,18:47:47
1389,2017-10-21,07:36:38,18:46:41
1390,2017-10-22,07:37:25,18:45:36
1391,2017-10-23,07:38:14,18:44:32
1392,2017-10-24,07:39:02,18:43:29
1393,2017-10-25,07:39:51,18:42:27
1394,2017-10-26,07:40:41,18:41:26
1395,2017-10-27,07:41:30,18:40:26
1396,2017-10-28,07:42:21,18:39:28
1397,2017-10-29,07:43:11,18:38:30
1398,2017-10-30,07:44:02,18:37:34
1399,2017-10-31,07:44:53,18:36:39
1400,2017-11-01,07:45:45,18:35:45
1401,2017-11-02,07:46:36,18:34:53
1402,2017-11-03,07:47:28,18:34:02
1403,2017-11-04,07:48:21,18:33:12
1404,2017-11-05,06:49:14,17:32:24
1405,2017-11-06,06:50:07,17:31:37
1406,2017-11-07,06:51:00,17:30:51
1407,2017-11-08,06:51:53,17:30:07
1408,2017-11-09,06:52:47,17:29:25
1409,2017-11-10,06:53:41,17:28:44
1410,2017-11-11,06:54:34,17:28:04
1411,2017-11-12,06:55:29,17:27:26
1412,2017-11-13,06:56:23,17:26:50
1413,2017-11-14,06:57:17,17:26:15
1414,2017-11-15,06:58:11,17:25:42
1415,2017-11-16,06:59:06,17:25:11
1416,2017-11-17,07:00:00,17:24:41
1417,2017-11-18,07:00:54,17:24:13
1418,2017-11-19,07:01:49,17:23:47
1419,2017-11-20,07:02:43,17:23:22
1420,2017-11-21,07:03:37,17:22:59
1421,2017-11-22,07:04:30,17:22:38
1422,2017-11-23,07:05:24,17:22:19
1423,2017-11-24,07:06:17,17:22:01
1424,2017-11-25,07:07:10,17:21:46
1425,2017-11-26,07:08:03,17:21:32
1426,2017-11-27,07:08:55,17:21:20
1427,2017-11-28,07:09:47,17:21:09
1428,2017-11-29,07:10:38,17:21:01
1429,2017-11-30,07:11:29,17:20:54
1430,2017-12-01,07:12:19,17:20:50
1431,2017-12-02,07:13:09,17:20:47
1432,2017-12-03,07:13:58,17:20:46
1433,2017-12-04,07:14:46,17:20:47
1434,2017-12-05,07:15:34,17:20:49
1435,2017-12-06,07:16:21,17:20:54
1436,2017-12-07,07:17:07,17:21:00
1437,2017-12-08,07:17:52,17:21:08
1438,2017-12-09,07:18:36,17:21:18
1439,2017-12-10,07:19:19,17:21:30
1440,2017-12-11,07:20:01,17:21:43
1441,2017-12-12,07:20:43,17:21:58
1442,2017-12-13,07:21:23,17:22:15
1443,2017-12-14,07:22:01,17:22:34
1444,2017-12-15,07:22:39,17:22:54
1445,2017-12-16,07:23:16,17:23:16
1446,2017-12-17,07:23:51,17:23:40
1447,2017-12-18,07:24:25,17:24:05
1448,2017-12-19,07:24:57,17:24:32
1449,2017-12-20,07:25:28,17:25:01
1450,2017-12-21,07:25:58,17:25:31
1451,2017-12-22,07:26:26,17:26:02
1452,2017-12-23,07:26:53,17:26:35
1453,2017-12-24,07:27:18,17:27:09
1454,2017-12-25,07:27:42,17:27:45
1455,2017-12-26,07:28:04,17:28:22
1456,2017-12-27,07:28:24,17:29:01
1457,2017-12-28,07:28:43,17:29:40
1458,2017-12-29,07:29:00,17:30:21
1459,2017-12-30,07:29:16,17:31:03
1460,2017-12-31,07:29:30,17:31:46
1461,2018-01-01,07:29:42,17:32:30
1462,2018-01-02,07:29:52,17:33:16
1463,2018-01-03,07:30:01,17:34:02
1464,2018-01-04,07:30:07,17:34:49
1465,2018-01-05,07:30:13,17:35:37
1466,2018-01-06,07:30:16,17:36:26
1467,2018-01-07,07:30:17,17:37:16
1468,2018-01-08,07:30:17,17:38:07
1469,2018-01-09,07:30:15,17:38:58
1470,2018-01-10,07:30:11,17:39:50
1471,2018-01-11,07:30:05,17:40:42
1472,2018-01-12,07:29:58,17:41:35
1473,2018-01-13,07:29:48,17:42:29
1474,2018-01-14,07:29:37,17:43:23
1475,2018-01-15,07:29:24,17:44:18
1476,2018-01-16,07:29:09,17:45:13
1477,2018-01-17,07:28:53,17:46:08
1478,2018-01-18,07:28:35,17:47:04
1479,2018-01-19,07:28:15,17:48:00
1480,2018-01-20,07:27:53,17:48:56
1481,2018-01-21,07:27:30,17:49:53
1482,2018-01-22,07:27:04,17:50:49
1483,2018-01-23,07:26:38,17:51:46
1484,2018-01-24,07:26:09,17:52:43
1485,2018-01-25,07:25:39,17:53:40
1486,2018-01-26,07:25:07,17:54:37
1487,2018-01-27,07:24:34,17:55:34
1488,2018-01-28,07:23:59,17:56:31
1489,2018-01-29,07:23:22,17:57:28
1490,2018-01-30,07:22:44,17:58:25
1491,2018-01-31,07:22:04,17:59:21
1492,2018-02-01,07:21:23,18:00:18
1493,2018-02-02,07:20:41,18:01:14
1494,2018-02-03,07:19:56,18:02:10
1495,2018-02-04,07:19:11,18:03:06
1496,2018-02-05,07:18:24,18:04:02
1497,2018-02-06,07:17:36,18:04:58
1498,2018-02-07,07:16:46,18:05:53
1499,2018-02-08,07:15:55,18:06:48
1500,2018-02-09,07:15:03,18:07:43
1501,2018-02-10,07:14:10,18:08:37
1502,2018-02-11,07:13:15,18:09:31
1503,2018-02-12,07:12:19,18:10:25
1504,2018-02-13,07:11:22,18:11:19
1505,2018-02-14,07:10:24,18:12:12
1506,2018-02-15,07:09:25,18:13:05
1507,2018-02-16,07:08:24,18:13:57
1508,2018-02-17,07:07:23,18:14:49
1509,2018-02-18,07:06:20,18:15:41
1510,2018-02-19,07:05:17,18:16:32
1511,2018-02-20,07:04:13,18:17:24
1512,2018-02-21,07:03:07,18:18:14
1513,2018-02-22,07:02:01,18:19:05
1514,2018-02-23,07:00:54,18:19:55
1515,2018-02-24,06:59:46,18:20:44
1516,2018-02-25,06:58:38,18:21:33
1517,2018-02-26,06:57:28,18:22:22
1518,2018-02-27,06:56:18,18:23:11
1519,2018-02-28,06:55:07,18:23:59
1520,2018-03-01,06:53:56,18:24:47
1521,2018-03-02,06:52:43,18:25:35
1522,2018-03-03,06:51:30,18:26:22
1523,2018-03-04,06:50:17,18:27:09
1524,2018-03-05,06:49:03,18:27:56
1525,2018-03-06,06:47:49,18:28:42
1526,2018-03-07,06:46:33,18:29:28
1527,2018-03-08,06:45:18,18:30:14
1528,2018-03-09,06:44:02,18:30:59
1529,2018-03-10,06:42:46,18:31:45
1530,2018-03-11,07:41:29,18:32:30
1531,2018-03-12,07:40:12,19:33:14
1532,2018-03-13,07:38:55,19:33:59
1533,2018-03-14,07:37:37,19:34:43
1534,2018-03-15,07:36:19,19:35:28
1535,2018-03-16,07:35:01,19:36:11
1536,2018-03-17,07:33:42,19:36:55
1537,2018-03-18,07:32:24,19:37:39
1538,2018-03-19,07:31:05,19:38:22
1539,2018-03-20,07:29:46,19:39:06
1540,2018-03-21,07:28:27,19:39:49
1541,2018-03-22,07:27:08,19:40:32
1542,2018-03-23,07:25:49,19:41:15
1543,2018-03-24,07:24:30,19:41:57
1544,2018-03-25,07:23:11,19:42:40
1545,2018-03-26,07:21:52,19:43:23
1546,2018-03-27,07:20:34,19:44:05
1547,2018-03-28,07:19:15,19:44:48
1548,2018-03-29,07:17:56,19:45:30
1549,2018-03-30,07:16:38,19:46:13
1550,2018-03-31,07:15:20,19:46:55
1551,2018-04-01,07:14:02,19:47:38
1552,2018-04-02,07:12:44,19:48:20
1553,2018-04-03,07:11:27,19:49:03
1554,2018-04-04,07:10:09,19:49:45
1555,2018-04-05,07:08:53,19:50:28
1556,2018-04-06,07:07:36,19:51:10
1557,2018-04-07,07:06:20,19:51:53
1558,2018-04-08,07:05:05,19:52:35
1559,2018-04-09,07:03:49,19:53:18
1560,2018-04-10,07:02:35,19:54:01
1561,2018-04-11,07:01:21,19:54:43
1562,2018-04-12,07:00:07,19:55:26
1563,2018-04-13,06:58:54,19:56:09
1564,2018-04-14,06:57:42,19:56:52
1565,2018-04-15,06:56:30,19:57:35
1566,2018-04-16,06:55:19,19:58:19
1567,2018-04-17,06:54:08,19:59:02
1568,2018-04-18,06:52:58,19:59:45
1569,2018-04-19,06:51:49,20:00:29
1570,2018-04-20,06:50:41,20:01:12
1571,2018-04-21,06:49:34,20:01:56
1572,2018-04-22,06:48:27,20:02:39
1573,2018-04-23,06:47:21,20:03:23
1574,2018-04-24,06:46:16,20:04:07
1575,2018-04-25,06:45:12,20:04:51
1576,2018-04-26,06:44:09,20:05:35
1577,2018-04-27,06:43:07,20:06:19
1578,2018-04-28,06:42:05,20:07:03
1579,2018-04-29,06:41:05,20:07:47
1580,2018-04-30,06:40:06,20:08:31
1581,2018-05-01,06:39:08,20:09:16
1582,2018-05-02,06:38:11,20:10:00
1583,2018-05-03,06:37:15,20:10:44
1584,2018-05-04,06:36:20,20:11:28
1585,2018-05-05,06:35:26,20:12:12
1586,2018-05-06,06:34:34,20:12:56
1587,2018-05-07,06:33:42,20:13:40
1588,2018-05-08,06:32:52,20:14:24
1589,2018-05-09,06:32:03,20:15:08
1590,2018-05-10,06:31:16,20:15:52
1591,2018-05-11,06:30:29,20:16:36
1592,2018-05-12,06:29:44,20:17:19
1593,2018-05-13,06:29:01,20:18:02
1594,2018-05-14,06:28:18,20:18:45
1595,2018-05-15,06:27:37,20:19:28
1596,2018-05-16,06:26:58,20:20:11
1597,2018-05-17,06:26:20,20:20:53
1598,2018-05-18,06:25:43,20:21:35
1599,2018-05-19,06:25:08,20:22:17
1600,2018-05-20,06:24:34,20:22:58
1601,2018-05-21,06:24:01,20:23:39
1602,2018-05-22,06:23:30,20:24:19
1603,2018-05-23,06:23:01,20:24:59
1604,2018-05-24,06:22:33,20:25:39
1605,2018-05-25,06:22:06,20:26:18
1606,2018-05-26,06:21:41,20:26:56
1607,2018-05-27,06:21:18,20:27:34
1608,2018-05-28,06:20:56,20:28:11
1609,2018-05-29,06:20:36,20:28:48
1610,2018-05-30,06:20:17,20:29:24
1611,2018-05-31,06:19:59,20:29:59
1612,2018-06-01,06:19:44,20:30:33
1613,2018-06-02,06:19:29,20:31:07
1614,2018-06-03,06:19:17,20:31:40
1615,2018-06-04,06:19:06,20:32:12
1616,2018-06-05,06:18:56,20:32:43
1617,2018-06-06,06:18:48,20:33:13
1618,2018-06-07,06:18:42,20:33:42
1619,2018-06-08,06:18:37,20:34:10
1620,2018-06-09,06:18:33,20:34:37
1621,2018-06-10,06:18:31,20:35:04
1622,2018-06-11,06:18:31,20:35:29
1623,2018-06-12,06:18:32,20:35:53
1624,2018-06-13,06:18:34,20:36:15
1625,2018-06-14,06:18:38,20:36:37
1626,2018-06-15,06:18:43,20:36:57
1627,2018-06-16,06:18:50,20:37:16
1628,2018-06-17,06:18:58,20:37:34
1629,2018-06-18,06:19:08,20:37:51
1630,2018-06-19,06:19:19,20:38:06
1631,2018-06-20,06:19:31,20:38:20
1632,2018-06-21,06:19:44,20:38:33
1633,2018-06-22,06:19:59,20:38:44
1634,2018-06-23,06:20:15,20:38:54
1635,2018-06-24,06:20:33,20:39:02
1636,2018-06-25,06:20:51,20:39:09
1637,2018-06-26,06:21:11,20:39:14
1638,2018-06-27,06:21:32,20:39:18
1639,2018-06-28,06:21:54,20:39:21
1640,2018-06-29,06:22:17,20:39:21
1641,2018-06-30,06:22:41,20:39:21
1642,2018-07-01,06:23:06,20:39:19
1643,2018-07-02,06:23:32,20:39:15
1644,2018-07-03,06:23:59,20:39:10
1645,2018-07-04,06:24:27,20:39:03
1646,2018-07-05,06:24:56,20:38:54
1647,2018-07-06,06:25:26,20:38:44
1648,2018-07-07,06:25:56,20:38:33
1649,2018-07-08,06:26:28,20:38:20
1650,2018-07-09,06:27:00,20:38:05
1651,2018-07-10,06:27:33,20:37:49
1652,2018-07-11,06:28:06,20:37:31
1653,2018-07-12,06:28:40,20:37:11
1654,2018-07-13,06:29:15,20:36:50
1655,2018-07-14,06:29:51,20:36:27
1656,2018-07-15,06:30:27,20:36:03
1657,2018-07-16,06:31:03,20:35:37
1658,2018-07-17,06:31:40,20:35:10
1659,2018-07-18,06:32:17,20:34:41
1660,2018-07-19,06:32:55,20:34:11
1661,2018-07-20,06:33:34,20:33:39
1662,2018-07-21,06:34:12,20:33:06
1663,2018-07-22,06:34:51,20:32:31
1664,2018-07-23,06:35:30,20:31:54
1665,2018-07-24,06:36:10,20:31:17
1666,2018-07-25,06:36:50,20:30:37
1667,2018-07-26,06:37:30,20:29:57
1668,2018-07-27,06:38:10,20:29:15
1669,2018-07-28,06:38:51,20:28:31
1670,2018-07-29,06:39:31,20:27:46
1671,2018-07-30,06:40:12,20:27:00
1672,2018-07-31,06:40:53,20:26:13
1673,2018-08-01,06:41:34,20:25:24
1674,2018-08-02,06:42:15,20:24:34
1675,2018-08-03,06:42:56,20:23:42
1676,2018-08-04,06:43:37,20:22:50
1677,2018-08-05,06:44:18,20:21:56
1678,2018-08-06,06:44:59,20:21:01
1679,2018-08-07,06:45:40,20:20:05
1680,2018-08-08,06:46:21,20:19:07
1681,2018-08-09,06:47:02,20:18:09
1682,2018-08-10,06:47:43,20:17:09
1683,2018-08-11,06:48:24,20:16:09
1684,2018-08-12,06:49:05,20:15:07
1685,2018-08-13,06:49:46,20:14:04
1686,2018-08-14,06:50:26,20:13:00
1687,2018-08-15,06:51:07,20:11:56
1688,2018-08-16,06:51:47,20:10:50
1689,2018-08-17,06:52:28,20:09:44
1690,2018-08-18,06:53:08,20:08:36
1691,2018-08-19,06:53:48,20:07:28
1692,2018-08-20,06:54:28,20:06:19
1693,2018-08-21,06:55:08,20:05:09
1694,2018-08-22,06:55:48,20:03:58
1695,2018-08-23,06:56:28,20:02:47
1696,2018-08-24,06:57:07,20:01:34
1697,2018-08-25,06:57:47,20:00:22
1698,2018-08-26,06:58:26,19:59:08
1699,2018-08-27,06:59:05,19:57:54
1700,2018-08-28,06:59:44,19:56:39
1701,2018-08-29,07:00:23,19:55:23
1702,2018-08-30,07:01:02,19:54:07
1703,2018-08-31,07:01:41,19:52:51
1704,2018-09-01,07:02:20,19:51:34
1705,2018-09-02,07:02:58,19:50:16
1706,2018-09-03,07:03:37,19:48:58
1707,2018-09-04,07:04:16,19:47:40
1708,2018-09-05,07:04:54,19:46:21
1709,2018-09-06,07:05:32,19:45:02
1710,2018-09-07,07:06:11,19:43:43
1711,2018-09-08,07:06:49,19:42:23
1712,2018-09-09,07:07:27,19:41:03
1713,2018-09-10,07:08:06,19:39:42
1714,2018-09-11,07:08:44,19:38:22
1715,2018-09-12,07:09:22,19:37:01
1716,2018-09-13,07:10:00,19:35:40
1717,2018-09-14,07:10:39,19:34:19
1718,2018-09-15,07:11:17,19:32:58
1719,2018-09-16,07:11:56,19:31:37
1720,2018-09-17,07:12:34,19:30:15
1721,2018-09-18,07:13:13,19:28:54
1722,2018-09-19,07:13:51,19:27:32
1723,2018-09-20,07:14:30,19:26:11
1724,2018-09-21,07:15:09,19:24:50
1725,2018-09-22,07:15:48,19:23:28
1726,2018-09-23,07:16:27,19:22:07
1727,2018-09-24,07:17:06,19:20:46
1728,2018-09-25,07:17:46,19:19:25
1729,2018-09-26,07:18:25,19:18:05
1730,2018-09-27,07:19:05,19:16:44
1731,2018-09-28,07:19:45,19:15:24
1732,2018-09-29,07:20:26,19:14:04
1733,2018-09-30,07:21:06,19:12:45
1734,2018-10-01,07:21:47,19:11:26
1735,2018-10-02,07:22:28,19:10:07
1736,2018-10-03,07:23:09,19:08:48
1737,2018-10-04,07:23:50,19:07:30
1738,2018-10-05,07:24:32,19:06:13
1739,2018-10-06,07:25:14,19:04:55
1740,2018-10-07,07:25:57,19:03:39
1741,2018-10-08,07:26:39,19:02:23
1742,2018-10-09,07:27:22,19:01:07
1743,2018-10-10,07:28:06,18:59:52
1744,2018-10-11,07:28:49,18:58:38
1745,2018-10-12,07:29:33,18:57:25
1746,2018-10-13,07:30:18,18:56:12
1747,2018-10-14,07:31:02,18:54:59
1748,2018-10-15,07:31:48,18:53:48
1749,2018-10-16,07:32:33,18:52:37
1750,2018-10-17,07:33:19,18:51:28
1751,2018-10-18,07:34:05,18:50:19
1752,2018-10-19,07:34:52,18:49:10
1753,2018-10-20,07:35:39,18:48:03
1754,2018-10-21,07:36:26,18:46:57
1755,2018-10-22,07:37:14,18:45:52
1756,2018-10-23,07:38:02,18:44:47
1757,2018-10-24,07:38:50,18:43:44
1758,2018-10-25,07:39:39,18:42:42
1759,2018-10-26,07:40:29,18:41:41
1760,2018-10-27,07:41:18,18:40:41
1761,2018-10-28,07:42:08,18:39:42
1762,2018-10-29,07:42:59,18:38:44
1763,2018-10-30,07:43:49,18:37:47
1764,2018-10-31,07:44:41,18:36:52
1765,2018-11-01,07:45:32,18:35:58
1766,2018-11-02,07:46:24,18:35:05
1767,2018-11-03,07:47:16,18:34:14
1768,2018-11-04,06:48:08,17:33:24
1769,2018-11-05,06:49:01,17:32:35
1770,2018-11-06,06:49:54,17:31:48
1771,2018-11-07,06:50:47,17:31:02
1772,2018-11-08,06:51:40,17:30:18
1773,2018-11-09,06:52:34,17:29:35
1774,2018-11-10,06:53:27,17:28:53
1775,2018-11-11,06:54:21,17:28:13
1776,2018-11-12,06:55:15,17:27:35
1777,2018-11-13,06:56:10,17:26:58
1778,2018-11-14,06:57:04,17:26:23
1779,2018-11-15,06:57:58,17:25:50
1780,2018-11-16,06:58:52,17:25:18
1781,2018-11-17,06:59:47,17:24:48
1782,2018-11-18,07:00:41,17:24:19
1783,2018-11-19,07:01:35,17:23:53
1784,2018-11-20,07:02:29,17:23:28
1785,2018-11-21,07:03:23,17:23:04
1786,2018-11-22,07:04:17,17:22:43
1787,2018-11-23,07:05:11,17:22:23
1788,2018-11-24,07:06:04,17:22:05
1789,2018-11-25,07:06:57,17:21:49
1790,2018-11-26,07:07:50,17:21:35
1791,2018-11-27,07:08:42,17:21:22
1792,2018-11-28,07:09:34,17:21:12
1793,2018-11-29,07:10:26,17:21:03
1794,2018-11-30,07:11:17,17:20:56
1795,2018-12-01,07:12:07,17:20:51
1796,2018-12-02,07:12:57,17:20:47
1797,2018-12-03,07:13:46,17:20:46
1798,2018-12-04,07:14:35,17:20:46
1799,2018-12-05,07:15:22,17:20:48
1800,2018-12-06,07:16:09,17:20:52
1801,2018-12-07,07:16:56,17:20:58
1802,2018-12-08,07:17:41,17:21:06
1803,2018-12-09,07:18:25,17:21:15
1804,2018-12-10,07:19:09,17:21:27
1805,2018-12-11,07:19:51,17:21:40
1806,2018-12-12,07:20:33,17:21:54
1807,2018-12-13,07:21:13,17:22:11
1808,2018-12-14,07:21:52,17:22:29
1809,2018-12-15,07:22:30,17:22:49
1810,2018-12-16,07:23:07,17:23:11
1811,2018-12-17,07:23:42,17:23:34
1812,2018-12-18,07:24:16,17:23:59
1813,2018-12-19,07:24:49,17:24:25
1814,2018-12-20,07:25:21,17:24:54
1815,2018-12-21,07:25:51,17:25:23
1816,2018-12-22,07:26:19,17:25:54
1817,2018-12-23,07:26:46,17:26:27
1818,2018-12-24,07:27:12,17:27:01
1819,2018-12-25,07:27:36,17:27:36
1820,2018-12-26,07:27:58,17:28:13
1821,2018-12-27,07:28:19,17:28:51
1822,2018-12-28,07:28:39,17:29:30
1823,2018-12-29,07:28:56,17:30:11
1824,2018-12-30,07:29:12,17:30:53
1825,2018-12-31,07:29:26,17:31:35
1826,2019-01-01,07:29:39,17:32:19
1827,2019-01-02,07:29:50,17:33:04
1828,2019-01-03,07:29:59,17:33:50
1829,2019-01-04,07:30:06,17:34:37
1830,2019-01-05,07:30:11,17:35:25
1831,2019-01-06,07:30:15,17:36:14
1832,2019-01-07,07:30:17,17:37:04
1833,2019-01-08,07:30:17,17:37:54
1834,2019-01-09,07:30:15,17:38:45
1835,2019-01-10,07:30:12,17:39:37
1836,2019-01-11,07:30:07,17:40:29
1837,2019-01-12,07:29:59,17:41:22
1838,2019-01-13,07:29:51,17:42:16
1839,2019-01-14,07:29:40,17:43:10
1840,2019-01-15,07:29:27,17:44:05
1841,2019-01-16,07:29:13,17:44:59
1842,2019-01-17,07:28:57,17:45:55
1843,2019-01-18,07:28:39,17:46:50
1844,2019-01-19,07:28:20,17:47:46
1845,2019-01-20,07:27:58,17:48:43
1846,2019-01-21,07:27:35,17:49:39
1847,2019-01-22,07:27:11,17:50:36
1848,2019-01-23,07:26:44,17:51:32
1849,2019-01-24,07:26:16,17:52:29
1850,2019-01-25,07:25:46,17:53:26
1851,2019-01-26,07:25:15,17:54:23
1852,2019-01-27,07:24:42,17:55:20
1853,2019-01-28,07:24:07,17:56:17
1854,2019-01-29,07:23:31,17:57:14
1855,2019-01-30,07:22:53,17:58:11
1856,2019-01-31,07:22:14,17:59:07
1857,2019-02-01,07:21:33,18:00:04
1858,2019-02-02,07:20:51,18:01:00
1859,2019-02-03,07:20:07,18:01:57
1860,2019-02-04,07:19:22,18:02:53
1861,2019-02-05,07:18:35,18:03:48
1862,2019-02-06,07:17:47,18:04:44
1863,2019-02-07,07:16:58,18:05:39
1864,2019-02-08,07:16:08,18:06:35
1865,2019-02-09,07:15:16,18:07:29
1866,2019-02-10,07:14:23,18:08:24
1867,2019-02-11,07:13:28,18:09:18
1868,2019-02-12,07:12:33,18:10:12
1869,2019-02-13,07:11:36,18:11:06
1870,2019-02-14,07:10:38,18:11:59
1871,2019-02-15,07:09:39,18:12:52
1872,2019-02-16,07:08:39,18:13:44
1873,2019-02-17,07:07:38,18:14:37
1874,2019-02-18,07:06:36,18:15:28
1875,2019-02-19,07:05:32,18:16:20
1876,2019-02-20,07:04:28,18:17:11
1877,2019-02-21,07:03:23,18:18:02
1878,2019-02-22,07:02:17,18:18:52
1879,2019-02-23,07:01:10,18:19:42
1880,2019-02-24,07:00:03,18:20:32
1881,2019-02-25,06:58:54,18:21:21
1882,2019-02-26,06:57:45,18:22:11
1883,2019-02-27,06:56:35,18:22:59
1884,2019-02-28,06:55:24,18:23:48
1885,2019-03-01,06:54:13,18:24:36
1886,2019-03-02,06:53:01,18:25:23
1887,2019-03-03,06:51:48,18:26:11
1888,2019-03-04,06:50:35,18:26:58
1889,2019-03-05,06:49:21,18:27:44
1890,2019-03-06,06:48:07,18:28:31
1891,2019-03-07,06:46:52,18:29:17
1892,2019-03-08,06:45:36,18:30:03
1893,2019-03-09,06:44:20,18:30:48
1894,2019-03-10,07:43:04,18:31:34
1895,2019-03-11,07:41:48,19:32:19
1896,2019-03-12,07:40:31,19:33:04
1897,2019-03-13,07:39:13,19:33:48
1898,2019-03-14,07:37:56,19:34:33
1899,2019-03-15,07:36:38,19:35:17
1900,2019-03-16,07:35:20,19:36:01
1901,2019-03-17,07:34:01,19:36:45
1902,2019-03-18,07:32:43,19:37:28
1903,2019-03-19,07:31:24,19:38:12
1904,2019-03-20,07:30:05,19:38:55
1905,2019-03-21,07:28:46,19:39:38
1906,2019-03-22,07:27:27,19:40:21
1907,2019-03-23,07:26:08,19:41:04
1908,2019-03-24,07:24:49,19:41:47
1909,2019-03-25,07:23:30,19:42:30
1910,2019-03-26,07:22:11,19:43:12
1911,2019-03-27,07:20:53,19:43:55
1912,2019-03-28,07:19:34,19:44:38
1913,2019-03-29,07:18:15,19:45:20
1914,2019-03-30,07:16:57,19:46:03
1915,2019-03-31,07:15:39,19:46:45
1916,2019-04-01,07:14:21,19:47:28
1917,2019-04-02,07:13:03,19:48:10
1918,2019-04-03,07:11:45,19:48:52
1919,2019-04-04,07:10:28,19:49:35
1920,2019-04-05,07:09:11,19:50:17
1921,2019-04-06,07:07:55,19:51:00
1922,2019-04-07,07:06:39,19:51:42
1923,2019-04-08,07:05:23,19:52:25
1924,2019-04-09,07:04:08,19:53:08
1925,2019-04-10,07:02:53,19:53:50
1926,2019-04-11,07:01:39,19:54:33
1927,2019-04-12,07:00:25,19:55:16
1928,2019-04-13,06:59:12,19:55:59
1929,2019-04-14,06:57:59,19:56:42
1930,2019-04-15,06:56:47,19:57:25
1931,2019-04-16,06:55:36,19:58:08
1932,2019-04-17,06:54:25,19:58:51
1933,2019-04-18,06:53:15,19:59:35
1934,2019-04-19,06:52:06,20:00:18
1935,2019-04-20,06:50:58,20:01:02
1936,2019-04-21,06:49:50,20:01:45
1937,2019-04-22,06:48:43,20:02:29
1938,2019-04-23,06:47:37,20:03:13
1939,2019-04-24,06:46:32,20:03:57
1940,2019-04-25,06:45:27,20:04:40
1941,2019-04-26,06:44:24,20:05:24
1942,2019-04-27,06:43:22,20:06:08
1943,2019-04-28,06:42:20,20:06:53
1944,2019-04-29,06:41:20,20:07:37
1945,2019-04-30,06:40:20,20:08:21
1946,2019-05-01,06:39:22,20:09:05
1947,2019-05-02,06:38:24,20:09:49
1948,2019-05-03,06:37:28,20:10:33
1949,2019-05-04,06:36:33,20:11:18
1950,2019-05-05,06:35:39,20:12:02
1951,2019-05-06,06:34:46,20:12:46
1952,2019-05-07,06:33:55,20:13:30
1953,2019-05-08,06:33:04,20:14:14
1954,2019-05-09,06:32:15,20:14:58
1955,2019-05-10,06:31:27,20:15:41
1956,2019-05-11,06:30:41,20:16:25
1957,2019-05-12,06:29:55,20:17:09
1958,2019-05-13,06:29:11,20:17:52
1959,2019-05-14,06:28:29,20:18:35
1960,2019-05-15,06:27:47,20:19:18
1961,2019-05-16,06:27:07,20:20:00
1962,2019-05-17,06:26:29,20:20:43
1963,2019-05-18,06:25:52,20:21:25
1964,2019-05-19,06:25:16,20:22:07
1965,2019-05-20,06:24:42,20:22:48
1966,2019-05-21,06:24:09,20:23:29
1967,2019-05-22,06:23:38,20:24:09
1968,2019-05-23,06:23:08,20:24:50
1969,2019-05-24,06:22:40,20:25:29
1970,2019-05-25,06:22:13,20:26:08
1971,2019-05-26,06:21:47,20:26:47
1972,2019-05-27,06:21:24,20:27:25
1973,2019-05-28,06:21:01,20:28:02
1974,2019-05-29,06:20:41,20:28:39
1975,2019-05-30,06:20:21,20:29:15
1976,2019-05-31,06:20:04,20:29:50
1977,2019-06-01,06:19:48,20:30:25
1978,2019-06-02,06:19:33,20:30:59
1979,2019-06-03,06:19:20,20:31:32
1980,2019-06-04,06:19:08,20:32:04
1981,2019-06-05,06:18:58,20:32:35
1982,2019-06-06,06:18:50,20:33:06
1983,2019-06-07,06:18:43,20:33:35
1984,2019-06-08,06:18:38,20:34:04
1985,2019-06-09,06:18:34,20:34:31
1986,2019-06-10,06:18:32,20:34:57
1987,2019-06-11,06:18:31,20:35:23
1988,2019-06-12,06:18:31,20:35:47
1989,2019-06-13,06:18:33,20:36:10
1990,2019-06-14,06:18:37,20:36:32
1991,2019-06-15,06:18:42,20:36:53
1992,2019-06-16,06:18:48,20:37:12
1993,2019-06-17,06:18:56,20:37:30
1994,2019-06-18,06:19:05,20:37:47
1995,2019-06-19,06:19:16,20:38:03
1996,2019-06-20,06:19:28,20:38:17
1997,2019-06-21,06:19:41,20:38:30
1998,2019-06-22,06:19:56,20:38:41
1999,2019-06-23,06:20:11,20:38:52
2000,2019-06-24,06:20:28,20:39:00
2001,2019-06-25,06:20:47,20:39:07
2002,2019-06-26,06:21:06,20:39:13
2003,2019-06-27,06:21:27,20:39:17
2004,2019-06-28,06:21:48,20:39:20
2005,2019-06-29,06:22:11,20:39:22
2006,2019-06-30,06:22:35,20:39:21
2007,2019-07-01,06:23:00,20:39:19
2008,2019-07-02,06:23:26,20:39:16
2009,2019-07-03,06:23:53,20:39:11
2010,2019-07-04,06:24:20,20:39:05
2011,2019-07-05,06:24:49,20:38:57
2012,2019-07-06,06:25:19,20:38:47
2013,2019-07-07,06:25:49,20:38:36
2014,2019-07-08,06:26:20,20:38:23
2015,2019-07-09,06:26:52,20:38:09
2016,2019-07-10,06:27:25,20:37:53
2017,2019-07-11,06:27:58,20:37:35
2018,2019-07-12,06:28:32,20:37:16
2019,2019-07-13,06:29:07,20:36:55
2020,2019-07-14,06:29:42,20:36:33
2021,2019-07-15,06:30:18,20:36:09
2022,2019-07-16,06:30:54,20:35:44
2023,2019-07-17,06:31:31,20:35:17
2024,2019-07-18,06:32:09,20:34:49
2025,2019-07-19,06:32:46,20:34:19
2026,2019-07-20,06:33:24,20:33:47
2027,2019-07-21,06:34:03,20:33:14
2028,2019-07-22,06:34:42,20:32:39
2029,2019-07-23,06:35:21,20:32:03
2030,2019-07-24,06:36:01,20:31:26
2031,2019-07-25,06:36:40,20:30:47
2032,2019-07-26,06:37:20,20:30:07
2033,2019-07-27,06:38:01,20:29:25
2034,2019-07-28,06:38:41,20:28:42
2035,2019-07-29,06:39:21,20:27:57
2036,2019-07-30,06:40:02,20:27:11
2037,2019-07-31,06:40:43,20:26:24
2038,2019-08-01,06:41:24,20:25:36
2039,2019-08-02,06:42:05,20:24:46
2040,2019-08-03,06:42:46,20:23:55
2041,2019-08-04,06:43:27,20:23:03
2042,2019-08-05,06:44:08,20:22:09
2043,2019-08-06,06:44:49,20:21:14
2044,2019-08-07,06:45:30,20:20:18
2045,2019-08-08,06:46:11,20:19:21
2046,2019-08-09,06:46:52,20:18:23
2047,2019-08-10,06:47:33,20:17:24
2048,2019-08-11,06:48:14,20:16:23
2049,2019-08-12,06:48:55,20:15:22
2050,2019-08-13,06:49:36,20:14:19
2051,2019-08-14,06:50:17,20:13:16
2052,2019-08-15,06:50:57,20:12:12
2053,2019-08-16,06:51:38,20:11:06
2054,2019-08-17,06:52:18,20:10:00
2055,2019-08-18,06:52:59,20:08:53
2056,2019-08-19,06:53:39,20:07:45
2057,2019-08-20,06:54:19,20:06:36
2058,2019-08-21,06:54:59,20:05:26
2059,2019-08-22,06:55:39,20:04:15
2060,2019-08-23,06:56:18,20:03:04
2061,2019-08-24,06:56:58,20:01:52
2062,2019-08-25,06:57:37,20:00:39
2063,2019-08-26,06:58:17,19:59:26
2064,2019-08-27,06:58:56,19:58:12
2065,2019-08-28,06:59:35,19:56:57
2066,2019-08-29,07:00:14,19:55:42
2067,2019-08-30,07:00:53,19:54:26
2068,2019-08-31,07:01:32,19:53:10
2069,2019-09-01,07:02:11,19:51:53
2070,2019-09-02,07:02:49,19:50:35
2071,2019-09-03,07:03:28,19:49:17
2072,2019-09-04,07:04:06,19:47:59
2073,2019-09-05,07:04:45,19:46:40
2074,2019-09-06,07:05:23,19:45:21
2075,2019-09-07,07:06:02,19:44:02
2076,2019-09-08,07:06:40,19:42:42
2077,2019-09-09,07:07:18,19:41:22
2078,2019-09-10,07:07:56,19:40:02
2079,2019-09-11,07:08:35,19:38:41
2080,2019-09-12,07:09:13,19:37:21
2081,2019-09-13,07:09:51,19:36:00
2082,2019-09-14,07:10:30,19:34:39
2083,2019-09-15,07:11:08,19:33:18
2084,2019-09-16,07:11:46,19:31:56
2085,2019-09-17,07:12:25,19:30:35
2086,2019-09-18,07:13:03,19:29:14
2087,2019-09-19,07:13:42,19:27:52
2088,2019-09-20,07:14:21,19:26:31
2089,2019-09-21,07:14:59,19:25:09
2090,2019-09-22,07:15:38,19:23:48
2091,2019-09-23,07:16:18,19:22:27
2092,2019-09-24,07:16:57,19:21:06
2093,2019-09-25,07:17:36,19:19:45
2094,2019-09-26,07:18:16,19:18:24
2095,2019-09-27,07:18:56,19:17:04
2096,2019-09-28,07:19:36,19:15:44
2097,2019-09-29,07:20:16,19:14:24
2098,2019-09-30,07:20:56,19:13:04
2099,2019-10-01,07:21:37,19:11:45
2100,2019-10-02,07:22:18,19:10:26
2101,2019-10-03,07:22:59,19:09:07
2102,2019-10-04,07:23:40,19:07:49
2103,2019-10-05,07:24:22,19:06:31
2104,2019-10-06,07:25:04,19:05:14
2105,2019-10-07,07:25:46,19:03:57
2106,2019-10-08,07:26:29,19:02:41
2107,2019-10-09,07:27:12,19:01:25
2108,2019-10-10,07:27:55,19:00:10
2109,2019-10-11,07:28:39,18:58:56
2110,2019-10-12,07:29:23,18:57:42
2111,2019-10-13,07:30:07,18:56:29
2112,2019-10-14,07:30:52,18:55:17
2113,2019-10-15,07:31:37,18:54:05
2114,2019-10-16,07:32:22,18:52:54
2115,2019-10-17,07:33:08,18:51:44
2116,2019-10-18,07:33:54,18:50:35
2117,2019-10-19,07:34:40,18:49:27
2118,2019-10-20,07:35:27,18:48:19
2119,2019-10-21,07:36:15,18:47:13
2120,2019-10-22,07:37:02,18:46:07
2121,2019-10-23,07:37:50,18:45:03
2122,2019-10-24,07:38:39,18:43:59
2123,2019-10-25,07:39:27,18:42:57
2124,2019-10-26,07:40:17,18:41:55
2125,2019-10-27,07:41:06,18:40:55
2126,2019-10-28,07:41:56,18:39:56
2127,2019-10-29,07:42:46,18:38:58
2128,2019-10-30,07:43:37,18:38:01
2129,2019-10-31,07:44:28,18:37:05
2130,2019-11-01,07:45:19,18:36:11
2131,2019-11-02,07:46:11,18:35:18
2132,2019-11-03,06:47:03,17:34:26
2133,2019-11-04,06:47:55,17:33:36
2134,2019-11-05,06:48:48,17:32:47
2135,2019-11-06,06:49:41,17:31:59
2136,2019-11-07,06:50:34,17:31:13
2137,2019-11-08,06:51:27,17:30:28
2138,2019-11-09,06:52:21,17:29:45
2139,2019-11-10,06:53:14,17:29:03
2140,2019-11-11,06:54:08,17:28:23
2141,2019-11-12,06:55:02,17:27:44
2142,2019-11-13,06:55:56,17:27:07
2143,2019-11-14,06:56:51,17:26:32
2144,2019-11-15,06:57:45,17:25:58
2145,2019-11-16,06:58:39,17:25:26
2146,2019-11-17,06:59:33,17:24:55
2147,2019-11-18,07:00:28,17:24:26
2148,2019-11-19,07:01:22,17:23:59
2149,2019-11-20,07:02:16,17:23:34
2150,2019-11-21,07:03:10,17:23:10
2151,2019-11-22,07:04:04,17:22:48
2152,2019-11-23,07:04:58,17:22:28
2153,2019-11-24,07:05:51,17:22:09
2154,2019-11-25,07:06:44,17:21:53
2155,2019-11-26,07:07:37,17:21:38
2156,2019-11-27,07:08:30,17:21:25
2157,2019-11-28,07:09:22,17:21:14
2158,2019-11-29,07:10:13,17:21:05
2159,2019-11-30,07:11:04,17:20:57
2160,2019-12-01,07:11:55,17:20:52
2161,2019-12-02,07:12:45,17:20:48
2162,2019-12-03,07:13:34,17:20:46
2163,2019-12-04,07:14:23,17:20:46
2164,2019-12-05,07:15:11,17:20:47
2165,2019-12-06,07:15:58,17:20:51
2166,2019-12-07,07:16:44,17:20:56
2167,2019-12-08,07:17:30,17:21:04
2168,2019-12-09,07:18:14,17:21:13
2169,2019-12-10,07:18:58,17:21:24
2170,2019-12-11,07:19:41,17:21:36
2171,2019-12-12,07:20:22,17:21:51
2172,2019-12-13,07:21:03,17:22:07
2173,2019-12-14,07:21:42,17:22:25
2174,2019-12-15,07:22:21,17:22:44
2175,2019-12-16,07:22:58,17:23:05
2176,2019-12-17,07:23:34,17:23:28
2177,2019-12-18,07:24:08,17:23:53
2178,2019-12-19,07:24:41,17:24:19
2179,2019-12-20,07:25:13,17:24:47
2180,2019-12-21,07:25:43,17:25:16
2181,2019-12-22,07:26:12,17:25:46
2182,2019-12-23,07:26:40,17:26:19
2183,2019-12-24,07:27:06,17:26:52
2184,2019-12-25,07:27:30,17:27:27
2185,2019-12-26,07:27:53,17:28:04
2186,2019-12-27,07:28:14,17:28:42
2187,2019-12-28,07:28:34,17:29:21
2188,2019-12-29,07:28:52,17:30:01
2189,2019-12-30,07:29:08,17:30:42
2190,2019-12-31,07:29:23,17:31:25
2191,2020-01-01,07:29:36,17:32:09
2192,2020-01-02,07:29:47,17:32:53
2193,2020-01-03,07:29:56,17:33:39
2194,2020-01-04,07:30:04,17:34:26
2195,2020-01-05,07:30:10,17:35:13
2196,2020-01-06,07:30:14,17:36:02
2197,2020-01-07,07:30:16,17:36:51
2198,2020-01-08,07:30:17,17:37:42
2199,2020-01-09,07:30:16,17:38:33
2200,2020-01-10,07:30:13,17:39:24
2201,2020-01-11,07:30:08,17:40:16
2202,2020-01-12,07:30:01,17:41:09
2203,2020-01-13,07:29:53,17:42:03
2204,2020-01-14,07:29:42,17:42:57
2205,2020-01-15,07:29:30,17:43:51
2206,2020-01-16,07:29:17,17:44:46
2207,2020-01-17,07:29:01,17:45:41
2208,2020-01-18,07:28:44,17:46:37
2209,2020-01-19,07:28:24,17:47:33
2210,2020-01-20,07:28:04,17:48:29
2211,2020-01-21,07:27:41,17:49:25
2212,2020-01-22,07:27:17,17:50:22
2213,2020-01-23,07:26:51,17:51:18
2214,2020-01-24,07:26:23,17:52:15
2215,2020-01-25,07:25:53,17:53:12
2216,2020-01-26,07:25:22,17:54:09
2217,2020-01-27,07:24:50,17:55:06
2218,2020-01-28,07:24:16,17:56:03
2219,2020-01-29,07:23:40,17:57:00
2220,2020-01-30,07:23:02,17:57:57
2221,2020-01-31,07:22:23,17:58:53
2222,2020-02-01,07:21:43,17:59:50
2223,2020-02-02,07:21:01,18:00:47
2224,2020-02-03,07:20:18,18:01:43
2225,2020-02-04,07:19:33,18:02:39
2226,2020-02-05,07:18:47,18:03:35
2227,2020-02-06,07:17:59,18:04:30
2228,2020-02-07,07:17:10,18:05:26
2229,2020-02-08,07:16:20,18:06:21
2230,2020-02-09,07:15:28,18:07:16
2231,2020-02-10,07:14:35,18:08:11
2232,2020-02-11,07:13:41,18:09:05
2233,2020-02-12,07:12:46,18:09:59
2234,2020-02-13,07:11:50,18:10:53
2235,2020-02-14,07:10:52,18:11:46
2236,2020-02-15,07:09:53,18:12:39
2237,2020-02-16,07:08:53,18:13:32
2238,2020-02-17,07:07:53,18:14:24
2239,2020-02-18,07:06:51,18:15:16
2240,2020-02-19,07:05:48,18:16:07
2241,2020-02-20,07:04:44,18:16:59
2242,2020-02-21,07:03:39,18:17:49
2243,2020-02-22,07:02:33,18:18:40
2244,2020-02-23,07:01:27,18:19:30
2245,2020-02-24,07:00:19,18:20:20
2246,2020-02-25,06:59:11,18:21:09
2247,2020-02-26,06:58:02,18:21:59
2248,2020-02-27,06:56:52,18:22:47
2249,2020-02-28,06:55:41,18:23:36
2250,2020-02-29,06:54:30,18:24:24
2251,2020-03-01,06:53:18,18:25:12
2252,2020-03-02,06:52:06,18:25:59
2253,2020-03-03,06:50:53,18:26:46
2254,2020-03-04,06:49:39,18:27:33
2255,2020-03-05,06:48:25,18:28:19
2256,2020-03-06,06:47:10,18:29:06
2257,2020-03-07,06:45:55,18:29:52
2258,2020-03-08,07:44:39,18:30:37
2259,2020-03-09,07:43:23,19:31:23
2260,2020-03-10,07:42:06,19:32:08
2261,2020-03-11,07:40:49,19:32:53
2262,2020-03-12,07:39:32,19:33:37
2263,2020-03-13,07:38:14,19:34:22
2264,2020-03-14,07:36:57,19:35:06
2265,2020-03-15,07:35:38,19:35:50
2266,2020-03-16,07:34:20,19:36:34
2267,2020-03-17,07:33:02,19:37:18
2268,2020-03-18,07:31:43,19:38:01
2269,2020-03-19,07:30:24,19:38:44
2270,2020-03-20,07:29:05,19:39:28
2271,2020-03-21,07:27:47,19:40:11
2272,2020-03-22,07:26:28,19:40:54
2273,2020-03-23,07:25:09,19:41:37
2274,2020-03-24,07:23:50,19:42:19
2275,2020-03-25,07:22:31,19:43:02
2276,2020-03-26,07:21:12,19:43:45
2277,2020-03-27,07:19:53,19:44:27
2278,2020-03-28,07:18:34,19:45:10
2279,2020-03-29,07:17:16,19:45:52
2280,2020-03-30,07:15:57,19:46:35
2281,2020-03-31,07:14:39,19:47:17
2282,2020-04-01,07:13:22,19:48:00
2283,2020-04-02,07:12:04,19:48:42
2284,2020-04-03,07:10:47,19:49:25
2285,2020-04-04,07:09:30,19:50:07
2286,2020-04-05,07:08:13,19:50:50
2287,2020-04-06,07:06:57,19:51:32
2288,2020-04-07,07:05:41,19:52:15
2289,2020-04-08,07:04:26,19:52:57
2290,2020-04-09,07:03:11,19:53:40
2291,2020-04-10,07:01:57,19:54:23
2292,2020-04-11,07:00:43,19:55:06
2293,2020-04-12,06:59:29,19:55:48
2294,2020-04-13,06:58:17,19:56:31
2295,2020-04-14,06:57:05,19:57:15
2296,2020-04-15,06:55:53,19:57:58
2297,2020-04-16,06:54:42,19:58:41
2298,2020-04-17,06:53:32,19:59:24
2299,2020-04-18,06:52:23,20:00:08
2300,2020-04-19,06:51:14,20:00:51
2301,2020-04-20,06:50:06,20:01:35
2302,2020-04-21,06:48:59,20:02:18
2303,2020-04-22,06:47:53,20:03:02
2304,2020-04-23,06:46:47,20:03:46
2305,2020-04-24,06:45:43,20:04:30
2306,2020-04-25,06:44:39,20:05:14
2307,2020-04-26,06:43:37,20:05:58
2308,2020-04-27,06:42:35,20:06:42
2309,2020-04-28,06:41:34,20:07:26
2310,2020-04-29,06:40:35,20:08:10
2311,2020-04-30,06:39:36,20:08:54
2312,2020-05-01,06:38:38,20:09:39
2313,2020-05-02,06:37:42,20:10:23
2314,2020-05-03,06:36:46,20:11:07
2315,2020-05-04,06:35:52,20:11:51
2316,2020-05-05,06:34:59,20:12:35
2317,2020-05-06,06:34:07,20:13:19
2318,2020-05-07,06:33:16,20:14:03
2319,2020-05-08,06:32:27,20:14:47
2320,2020-05-09,06:31:39,20:15:31
2321,2020-05-10,06:30:52,20:16:15
2322,2020-05-11,06:30:06,20:16:58
2323,2020-05-12,06:29:22,20:17:41
2324,2020-05-13,06:28:39,20:18:25
2325,2020-05-14,06:27:57,20:19:08
2326,2020-05-15,06:27:17,20:19:50
2327,2020-05-16,06:26:38,20:20:33
2328,2020-05-17,06:26:01,20:21:15
2329,2020-05-18,06:25:25,20:21:57
2330,2020-05-19,06:24:50,20:22:38
2331,2020-05-20,06:24:17,20:23:19
2332,2020-05-21,06:23:45,20:24:00
2333,2020-05-22,06:23:15,20:24:40
2334,2020-05-23,06:22:46,20:25:20
2335,2020-05-24,06:22:19,20:25:59
2336,2020-05-25,06:21:53,20:26:38
2337,2020-05-26,06:21:29,20:27:16
2338,2020-05-27,06:21:07,20:27:53
2339,2020-05-28,06:20:46,20:28:30
2340,2020-05-29,06:20:26,20:29:06
2341,2020-05-30,06:20:08,20:29:42
2342,2020-05-31,06:19:51,20:30:17
